braking_phase_duration,concentric_rfd,concentric_rfd_100ms,countermovement_depth,eccentric_mean_power_bm,eccentric_peak_force_bm,force_at_zero_velocity,jump_height_flight_time,peak_power_bm,positive_impulse,total_work,player_id
0.144999999999878,6403.17789509697,-13015.0000000081,-17.4691164526846,4.76269189377896,40.3771649633489,2809.76953969725,35.3300093445176,73.1663333333333,498.02944779834303,550.886989350929,-1190218
0.207599999999672,2905.93927126094,-630.000000002037,-23.1542298073471,6.31140621739406,27.4833368902594,1951.39175257732,32.1420799068944,56.942,517.478062796552,648.813869765049,-1189980
0.262333333333456,2513.37888690702,-926.666666665494,-27.4900745406496,6.195803117131,28.3681284669732,2309.44933849629,43.2584407033882,65.2495,669.263320956862,886.14059827313,-1189239
0.288400000000238,3571.06060605877,490.000000000492,-29.5140874844673,5.31228049445228,24.7406266354335,2256.09774288518,39.1397130810693,56.3632,728.742522673374,973.73808378444,-1188759
0.279428571428431,2736.7410367429,282.857142857391,-25.7653739134649,5.84418239698598,26.0234767665932,1956.96545284781,36.1123581974515,61.1857142857143,547.234369010646,725.933485768859,-1188400
0.259999999999936,947.854987812938,-320.000000000476,-26.7451799453218,6.50318194197426,26.3619691695285,1558.78323699422,35.2716597770643,73.3648333333333,496.332371519526,741.103795939455,-1186551
0.202400000000099,15561.5643274782,-3249.99999999889,-17.5338271582963,4.66133362219861,30.7760426047794,2340.21027966742,34.4870460550352,64.6418,549.329921196087,630.648412283152,-1185260
0.211333333333421,1895.83333333288,-2628.33333333131,-23.8335199564697,5.71153542229408,28.3537909297528,1936.6980721393,26.959052904611,47.1433333333333,449.565761865797,571.404654540291,-1185096
0.235200000000054,2977.91375291258,-1774.0000000002,-24.2846820303748,5.48326744384445,29.0194514856961,1872.91539888683,38.613390175526,58.7914,449.720085747102,620.88515798430706,-1185073
0.232799999999979,3651.04395604403,-1974.00000000023,-26.8865014747734,5.90037196879315,30.4390643077648,1960.88452270621,37.0312833309976,62.5378,523.353355084036,685.308519771897,-1184610
0.210666666666798,2712.84887828898,-2846.66666666496,-23.1925401175766,6.54926331175698,31.6244623051468,2184.61785603954,35.6842745758808,67.5158333333333,549.613769262949,682.960500738887,-1184609
0.206399999999966,741.403508772168,-1472.00000000045,-25.7805374103037,6.44559740722256,27.4591457624468,1557.82539388323,30.9942115244762,48.95,397.455018281598,499.158793621407,-1184602
0.178333333333196,1992.06349206328,-3803.33333333727,-21.5880959415809,6.17734458952546,31.3528705909478,2363.10212036171,35.0553414224387,56.9586666666667,532.159158579936,635.281606761945,-1184149
0.286857142856917,934.886808559639,578.571428572239,-27.8584458480504,6.2752229928571,24.3122508962117,1712.79807563811,34.2857295399418,54.3717142857143,516.829996716835,677.348919258206,-1184032
0.198333333333454,2792.29055258236,-1689.99999999849,-20.4089560367817,5.41017430394351,30.2279589066238,2378.63808636222,37.5388755350485,63.0268333333333,566.65528426805,702.806935255586,-1183062
0.271333333333452,1513.58375420795,-1021.66666666593,-26.3563660202318,5.4546130996719,25.5050647478735,1658.08425925926,28.7259660683612,47.025,433.777487747963,578.382918128924,-1182203
0.426800000000134,1226.97111631461,-383.999999999588,-37.3410777237102,6.07573979860425,19.9936866793396,1511.92258669166,28.0580024480182,39.9186,502.833028513568,782.126672216537,-1181031
0.22600000000009,1787.99019607748,-1583.33333333227,-23.9573990755952,5.55396330603675,26.4739986398814,1828.29434607021,29.5234101575287,45.671,478.815718721551,591.559376716426,-1180983
0.232285714285768,1117.37718802934,-2127.1428571427,-26.3937341053196,5.87506148040604,27.6747846736649,1845.05996131528,30.7622702425185,48.4405714285714,464.76097168655,601.294349120217,-1180974
0.218333333332824,4417.12459743381,-2938.33333334018,-20.4516085034463,5.43170967860642,28.4988115863448,2745.24217489513,27.2820185777895,51.7165,644.274631552342,759.218642648824,-1179989
0.245200000000186,3860.58123249001,-1789.99999999706,-24.4173357666703,4.98293582522249,27.1072273241084,1975.30365510778,32.909254136522,53.4268,485.126245690389,676.36921314258,-1175138
0.219428571428618,4492.34642341657,-3919.99999999887,-23.9808368793958,6.55277633854229,31.7216887685744,2735.36122251417,34.2202351275138,61.0292857142857,644.128438132383,764.024895900097,-1171979
0.168399999999965,10297.6190476209,-4926.00000000057,-19.6280517000056,5.73712547985464,34.205095155021,2155.88452270621,30.5792921630076,68.4842,484.113356592223,531.879797052689,-1171295
0.213333333333082,4797.24736870361,658.333333333488,-19.183297860116,4.54042466011508,24.7169518136306,1546.0453359426,30.748832797013,54.2568333333333,392.188821588171,526.824990527779,-1157341
0.155666666666773,0,-9724.99999999468,-17.9492979972855,6.07382561530315,39.5711755926267,2925.21540143705,32.6605574925422,63.9078333333333,547.048144780403,600.31072340832,-1157266
0.327200000000101,256.718346253202,-1937.99999999955,-35.8540740459661,7.10092466949142,22.4106082681335,1305.50720461095,30.2578301760401,45.6702,395.526562501681,632.693531717284,-1156892
0.125799999999899,4349.0956102762,-8868.00000000627,-15.5163218927703,4.72010428640293,35.0425534816131,2663.46044776119,29.8009873857002,56.3812,526.036419452585,531.168230151483,-1156489
0.279200000000341,1773.18965517025,-147.999999999819,-27.5890145547412,5.90710408800644,25.4543545592945,1691.44186046512,41.0165097581003,60.6766,512.050281653091,704.829930145047,-1156294
0.294399999999913,788.304093567516,-432.000000000364,-31.4310424735387,6.33551973484076,23.5730249601041,1415.32441860465,34.0828159419744,48.766,433.609474212675,628.304304625374,-1156278
0.353333333333436,125.000000000069,-3358.33333333156,-41.3984237760584,8.13984799655377,25.0346382639935,1367.32558139535,33.017029220025,47.1151666666667,381.37195298754,666.26104817409,-1156277
0.35679999999986,200.000000000066,-1844.00000000079,-36.1650813302597,7.63478189107043,21.9538680897174,1716.94879406308,33.5614944279965,47.8492,550.128902973228,867.894742226159,-1156240
0.272800000000018,449.999999999894,-4443.99999999889,-31.6057606304718,7.01684370615044,28.8677424962575,2716.16589147287,34.6986735620112,52.8584,714.569794802227,1006.48235040495,-1156236
0.335333333333508,166.666666666463,-5481.66666666404,-47.9954637266884,8.72576695787626,26.0847823457178,2077.13021806854,32.1280563975326,45.377,617.1786969601,1059.8714385798,-1156182
0.215142857142742,726.190476191407,-5347.14285714568,-24.6859897921735,6.37219906675068,30.0412117613119,2257.58648720682,28.6895647174689,46.1521428571429,492.317758076239,660.146039058233,-1155036
0.157200000000017,5570.23809523314,-10151.9999999959,-15.1381548819053,4.77985749229936,39.2245230387067,2518.21437908497,32.9386740865048,67.3232,455.811417306124,490.509046053403,-1154288
0.196400000000065,5731.11111110928,-6623.99999999766,-20.9539902556511,5.03695692033169,32.0996123992021,2782.71539888683,30.1676089960195,53.5374,592.779590410721,714.122346834248,-1154219
0.226333333333271,619.444444444625,-3786.66666666729,-28.6477723129022,7.39370449937374,28.5339517788148,2331.4358974359,38.400471459563,57.5408333333333,635.482377613564,861.968681213983,-1153579
0.274399999999811,268.055555555228,-1850.00000000298,-29.3047331163064,6.76124714851788,25.7035687132148,2177.06112650046,35.6153011374345,55.148,648.907425234829,873.292565301136,-1153323
0.173999999999804,5381.44553859678,-4288.57142858211,-16.9008602471608,4.8403949601708,31.9766658193488,2368.51163723917,34.080700507409,62.3685714285714,530.146362597097,553.101216414191,-1153070
0.210666666666636,1390.82556504947,-151.666666666656,-23.6726024567077,6.15997958851864,26.3811708507311,1954.51142670584,35.5146195308131,59.0545,521.204218750305,686.938605662063,-1152291
0.248333333333384,0,-2511.66666666626,-30.3842835550357,7.06417540119941,26.7623840144914,1877.56530214425,39.5962289829378,58.802,555.635205650391,770.852285943707,-1152090
0.265999999999939,174.999999999875,-2238.00000000081,-32.1274619254194,7.06534958142289,26.4950864413536,1819.03621013133,33.9721969299881,49.3972,508.864119598879,743.70691152422,-1151900
0.21833333333344,4240.22061028609,-1234.99999999843,-26.7194497643657,6.42467078520562,33.3397006685419,2362.45118937288,49.5953344892152,85.562,644.688188821507,837.625739276776,-1150445
0.218333333333444,2820.80026454769,-3551.66666666359,-27.1090465611125,7.00101874726818,31.8814932475457,2121.76212542478,43.762175625054,61.9291666666667,545.597930012502,706.992468715444,-1150241
0.176400000000066,4410.41666666363,-3563.99999999686,-22.7553499516973,5.16224012455291,31.675410974191202,2816.26078971534,39.6875125500372,63.8188,717.178395584522,846.941490714572,-1149897
0.14028571428582,6461.24985081123,-9695.71428570692,-16.5471994208376,5.27897693978978,38.5904766026597,2459.75697865353,38.0532343275556,74.3805714285714,498.606443608861,515.123884430359,-1149403
0.332799999999873,0,-7940.00000000366,-41.7010751870554,7.94420087334276,28.8611709869647,2299.5011627907,32.6581058299747,40.8788,545.224249806344,1004.16147465344,-1149209
0.307999999999962,1081.96741854664,-18.0000000002586,-24.7273030041734,5.27674421755474,24.5330947109762,1445.73527131783,36.7098213439853,58.9602,422.806626089533,565.259537516234,-1149203
0.387199999999786,762.500000000711,-2222.00000000085,-35.9963322780086,6.36637242607832,23.2776517901654,1609.77738646895,32.5905380114644,44.9316,490.601225840697,782.006887187719,-1148305
0.252000000000039,1896.66666666629,-267.999999999434,-25.3667157630835,5.55250717797317,24.2720155460979,1782.53682170543,30.3660955920099,50.1666,500.983916100152,663.310794247467,-1147975
0.274400000000079,124.999999999847,-2531.99999999925,-33.5707539890182,7.6215479889956,24.3227881312628,1636.07984496124,31.0686439980222,44.6304,456.767223597028,705.789530822738,-1147972
0.130857142857084,5617.346938778,-11615.7142857232,-19.2732842774231,5.56253187334838,42.6260058219092,2877.65398886828,38.4319111124556,67.0501428571429,544.453396284092,614.057135505389,-1147515
0.337428571428846,1020.63492063405,-3638.57142856852,-38.5347241809944,7.07586805306205,25.7192289979419,2084.82947173309,39.2909736525677,53.7981428571429,632.683614810497,1015.65576791026,-1146038
0.220333333333444,9888.39869280673,-3389.99999999833,-15.3672252057668,3.83431116127648,30.2373686233698,2047.6746031746,28.6413019900277,55.7451666666667,431.777275322452,469.204462543625,-1146010
0.221000000000912,3573.21428569752,-2881.66666665389,-25.8186202289394,7.12976103982091,29.8462551528881,2295.77394636015,43.7537582507836,64.3216666666667,616.45229353139,786.920532435465,-1141039
0.238999999999985,2622.31934731929,-1914.99999999943,-27.9027382523523,5.90898653113646,29.8550098330264,2230.49531835206,41.1963473745378,61.1321666666667,573.676782833252,776.134332820436,-1139875
0.17633333333342,4889.97185412406,-3488.33333333212,-18.0788536902131,5.38257993077902,33.6503169081636,2172.46445959104,37.1408072671183,69.477,481.997363784677,522.943343800333,-1138919
0.27766666666666,1462.83068783039,-1705.00000000043,-34.5651766591563,7.56289358832645,25.7722085216738,1899.79143389199,38.9075569866257,55.562,563.492836704899,826.800678259978,-1137319
0.286666666666591,0,-3835.00000000158,-43.7652964885433,8.81304475150234,27.3510225165447,2163.78734019333,56.5837167233008,67.0033333333333,742.799420511448,1171.29583861127,-1137205
0.388000000000068,895.833333333624,-3328.57142856995,-40.227040563109,7.04562070962581,22.7563196188347,1507.91844399732,34.5633978300207,45.0058571428571,512.613558063525,783.205909187519,-1136838
0.241999999999935,1505.95238095175,-3305.00000000154,-28.8789353447685,6.78308338020729,29.9901758771337,2219.23958333333,40.3901590224796,59.4978333333333,572.232907945998,793.738331047878,-1136338
0.104800000000013,5039.99999999745,-21649.9999999979,-11.6139175495364,4.20429525932296,45.9295638677643,3131.47766450417,29.1286924950069,64.6634,444.297981305513,428.815164436486,-1135266
0.185666666666479,5703.47060347641,-4176.66666667264,-18.3943760314715,5.22360936526587,32.7256935866091,2443.95479704797,34.2211223957485,61.2673333333333,542.324833137162,621.124009317753,-1135195
0.277714285714373,2990.82335668002,1395.71428571355,-25.4043255796068,5.65670660247598,23.751249735294,1661.99682245465,32.4375963000216,52.2945714285714,498.92988470117,651.199739659641,-1133426
0.298400000000156,2996.50613275451,2879.99999999849,-25.4985970195031,5.31895296109763,21.5030061272115,1304.61744186047,33.8717768340357,55.4932,411.5217786723,559.502614278129,-1133117
0.269600000000329,597.553191488631,-1759.99999999785,-32.6810323178663,7.69541113359859,24.7545662289948,1699.25736434109,41.0165097581003,58.0148,544.502947291193,784.095347035737,-1133110
0.315999999999912,0,-4960.00000000161,-42.4190495081295,8.46120981789541,27.1700951718921,1818.78163344408,41.6698287809685,58.296,551.418177858834,903.308358229258,-1133102
0.196399999999981,2095.51878922477,545.999999999567,-21.0762025803854,6.31441961775491,29.0231084440597,1970.53692022263,42.172027327485,71.226,515.102671507447,638.792982291649,-1132161
0.188333333333454,3570.38398692585,-4259.99999999804,-20.156804380146,5.61044663818406,30.9830920224179,2147.12827715356,27.8436127346205,50.3288333333333,460.774944896145,527.093031640449,-1130729
0.35166666666691,458.333333333069,-7436.66666666094,-40.4781891904737,7.95501828124345,30.8989111456614,2486.66759345073,41.8723524479821,57.5736666666667,652.082628150322,1057.63426257183,-1130699
0.259333333333422,2009.62301587365,-3250.00000000057,-23.8692207118486,5.44091918648149,29.8626219100041,2009.27856995664,33.3616512454213,55.4036666666667,481.633836764139,614.375840228511,-1130172
0.198400000000073,4696.71328670979,-2001.99999999831,-20.9897733825123,5.52762321068451,31.0226317620158,2536.7046728972,41.2414743090428,67.4896,632.843048136134,773.749985203446,-1128881
0.200666666666589,4256.87830687724,-4446.66666667204,-20.6043720415772,5.47223630795141,33.5631320759045,2140.32552845528,34.7998781899587,62.197,466.359981406545,552.268782788999,-1128306
0.237999999999946,4841.75310220535,258.333333333651,-21.8608546165442,5.58906803425805,27.5533167050584,1922.39490651193,33.2948025812295,60.7905,498.680373449766,608.852448231304,-1127876
0.212666666666773,3069.49749596651,-1098.33333333365,-21.152250981084,5.64795426532303,29.4592259498,1881.26616915423,37.2195873554535,62.7573333333333,451.432804572251,591.138821394014,-1127011
0.174333333333388,5624.72766883991,-11126.666666662,-17.6750000739234,4.72752148085409,37.9548489256116,2900.13837312113,31.9378891096031,59.7203333333333,533.204605685047,600.704732283004,-1126228
0.330000000000114,1017.55038532448,1031.99999999938,-27.1531513551196,5.88444815313731,21.9373284732951,1638.49906367041,34.0203475815233,52.8744,536.759005200744,736.458541885779,-1126072
0.322333333333236,222.222222222345,-4293.33333333445,-39.0946974842054,7.16525913625316,25.1261597340472,1685.33397621344,28.0184162708155,41.6198333333333,474.020694759832,781.558246574797,-1125965
0.222571428571395,4615.34645909928,-665.714285714994,-18.2048086622085,5.06307767696879,27.4716589898493,2057.07782515991,29.8420562349514,53.6352857142857,489.534049406838,559.458054889801,-1124391
0.157714285714105,2618.29836829909,-5024.28571428817,-19.671341870929002,5.7820221241737,32.2418872080375,2144.73033707865,29.6753431849361,54.5041428571429,451.396774991373,522.804418672938,-1124390
0.229000000000617,2555.11803011347,-1639.99999999647,-23.8328378925047,6.2082724632139,29.8606079269046,2091.13837312113,36.9526830314323,61.8896666666667,528.388921337433,668.134237517962,-1124210
0.361599999999923,777.707080655445,-557.999999999993,-33.8192430801732,5.81666775419113,19.562012176864,1139.48720930233,32.8479625739879,48.5348,419.575593075734,619.524390157253,-1123188
0.212750000000448,1174.10714285376,-4441.24999998591,-28.1888050239187,6.79869174109733,30.7618272870936,2212.986328125,36.2952697320657,55.446375,572.787608022403,737.046328094794,-1122674
0.324800000000165,100.000000000055,-4541.9999999971,-40.327290201491,6.65892976013604,24.8833860488718,1915.65556594949,42.5656662585436,57.9012,597.911987226807,1026.72613041659,-1122145
0.326400000000041,433.333333333574,-2201.99999999919,-35.4024842738689,7.21273089106026,25.0522677670661,1612.36395348837,44.2629031740153,57.9298,530.816477112315,759.231876530643,-1122126
0.224333333333336,2254.62962962915,-3429.99999999914,-23.5603325697884,6.22282267370374,29.1168904295105,2229.48030018762,30.4336307216896,51.1368333333333,535.815646903716,652.506367703231,-1121711
0.305333333333481,333.333333332926,-3078.3333333318,-42.2323347365678,8.29772064021742,24.7431189528714,1646.60319010417,32.8186080017001,44.022,505.409674348687,825.975966123428,-1121132
0.180571428571444,1042.85714285691,-4109.99999999914,-22.1389151946627,6.60302360335228,30.8328745594046,2493.33377465908,24.4208000200058,47.03,569.604479698297,642.872899086267,-1120914
0.27933333333354,531.249999999351,-2581.66666666477,-34.5474921758112,7.86620282216104,27.7370080966107,2294.95118937288,34.0142020808769,55.918,660.702049548112,977.659515020062,-1116793
0.15866666666634,5181.2774685857,2031.66666666293,-13.0639314747141,3.27857839441689,22.1633928081606,1658.92995169082,38.8633453394923,66.4953333333333,544.086975749093,724.272664269286,-1116466
0.203999999999787,5051.6666666647,-6350.00000000231,-24.458764857486,6.11685182911644,38.1746260982655,2823.37471910112,48.8532979723995,79.5464,614.058182098866,797.411777598995,-1115473
0.209799999999755,1510.41666666874,-3866.00000000569,-27.7481016518249,6.68535018494027,31.936188231981,2300.96044776119,40.1049326071501,63.9336,587.671184430644,740.568344937661,-1109292
0.33319999999969,555.037919827696,-750.000000000128,-37.9680975030378,6.0218979770974,23.1586768458799,1685.2570626754,34.6593488954341,49.1958,530.447602940047,794.398140329441,-1103473
0.185000000000131,3965.44820919665,-5088.3333333329,-18.9783050143624,5.16598727080257,31.8441717831297,2788.59412304867,33.865713055471,58.493,635.588331187876,715.503702486872,-1094675
0.295199999999945,651.666666666752,-2620.00000000077,-32.4204150877855,7.25245192462331,25.8670282737937,1692.71434108527,34.736331097986,50.5948,465.942196565628,711.528874094059,-1093029
0.176400000000167,9740.53339870494,-9193.99999999668,-14.2306384318041,3.9885221245924,33.5294738329921,2549.24589552239,28.0649651695516,56.7798,487.795691734834,496.353656136121,-1088583
0.177999999999585,10270.820914202,-4643.33333334416,-16.7976767062219,4.73548318091238,32.0189169841846,2919.8050397878,33.9073913177586,63.1711666666667,640.380635726654,714.718304444576,-1087585
0.324800000000101,99.9999999999222,-2721.99999999927,-34.2896355065019,7.16072580034921,23.5007231973722,2393.88380952381,39.5600261000264,58.8518,778.136294011233,1194.57094222442,-1087531
0.191666666666678,2095.83333333446,-3916.66666666663,-20.1826409320292,5.60809724126346,29.0243435087143,2596.54947433519,25.162964957085,47.3731666666667,569.313417941263,666.417132990675,-1087515
0.250399999999953,3371.13095238204,-2078.00000000018,-24.2962675451785,5.79601969132925,28.0738422986676,2397.22539388323,33.9311070664886,53.1372,619.81603482579,754.972837688512,-1078964
0.23499999999993,3469.75203159213,753.333333332898,-25.621179402579,5.62440192482473,25.740795929154,1799.0186901452,33.9230002358149,55.4458333333333,503.236362722955,635.491970918377,-1078616
0.19800000000007,4404.43121692972,-2699.99999999934,-20.6132231520866,5.57268199741179,31.5124735533878,2206.50339820822,36.2079496858586,60.8151666666667,518.558261456169,603.720656829632,-1078612
0.299200000000154,4018.13257997671,727.999999999608,-29.3139467476397,5.6188879380401,24.672366276909,1622.20808270677,33.8185267245352,53.1158,480.300051226673,609.191692651234,-1078564
0.226666666666736,2047.22222222211,-5034.99999999899,-26.189830670971,5.83292153392453,30.1654548970531,2621.07637600495,33.1469673325123,48.759,645.371930540773,799.850847607386,-1078555
0.223749999999874,1597.22222222284,-3716.2500000031,-25.9666141236698,6.66794447490031,29.6329590276101,2331.85951219512,31.3791347952446,53.570125,572.284678372717,719.630963801169,-1078127
0.237200000000134,3136.89310689208,-2863.99999999762,-22.2048247949254,5.77169237010598,30.0606342812724,2230.49906367041,33.6727018390357,56.8278,514.646379433171,655.827727015312,-1078043
0.303833333333309,154.460194730825,-2771.66666666703,-34.5550187054511,6.79045202827134,25.7771150616582,1925.74790886392,38.7651562564464,55.4296666666667,572.377761039789,886.299680657785,-1077345
0.243200000000036,17.6470588235392,-2115.99999999872,-31.832540728899,7.23786711604995,27.4357662072615,2023.65697674419,42.9790165560159,61.548,577.090363167058,835.010043683135,-1071267
0.227999999999876,387.499999999526,-4953.75000000251,-28.0601631842242,6.68444514492864,31.5041700950157,2221.61515932521,35.3551797462092,54.17325,519.366161618024,708.237547344744,-1070815
0.23971428571422,728.066989507733,-1777.14285714381,-26.1118299683062,6.53850166108487,28.2410554741976,2144.62244897959,35.2681457274785,55.7865714285714,508.554872158742,737.590391420969,-1070812
0.239333333333452,2161.4850427339,-1011.66666666635,-26.2564985351829,6.66316783038079,28.03910280506,1896.28452270621,34.5811081729421,60.6911666666667,533.317152367712,675.97867393318,-1069255
0.387600000000062,568.421052632305,-4550.00000000103,-49.1672257107332,8.50083136918213,24.6135278941421,2087.39624765478,41.4245644645099,52.0154,651.578045022749,1161.54658325361,-1069215
0.267599999999659,0,-3240.00000000411,-34.8282547192394,8.2800837554618,27.4257081287987,2311.24856348471,44.3748951168237,58.2852,661.772001618741,1007.63714493188,-1069212
0.234000000000138,3018.98411186146,-1329.99999999883,-21.9725939025602,5.26330422986594,30.5281182994078,2009.97130883301,37.2266154546296,64.7413333333333,482.200602361046,603.736328045444,-1068978
0.188333333333179,4408.69199586476,-2873.33333333379,-23.9096768191069,6.1108146771036,33.8254451150219,2376.26212491937,42.4809368024337,72.35,584.956228831066,706.44748429845,-1068687
0.226333333333338,3242.73989899005,-1480.00000000028,-19.8366140047602,5.53982618737234,28.9611120329546,1647.30805243446,31.151477501668,54.396,378.163499987266,444.053259258875,-1068660
0.285599999999891,283.33333333349,-2646.00000000109,-32.317157008455,7.1567351964674,25.3947107466522,1823.18759689922,32.7447966159751,50.2676,522.239101115857,757.849202001806,-1068596
0.257599999999921,2309.20634920717,-46.0000000005211,-23.5780917285431,6.08735654341333,25.0616156356144,1701.43308550186,30.9890139999762,52.6902,472.475563972048,572.666745104664,-1068595
0.269333333333343,1091.76587301602,-1749.99999999997,-24.9294098122079,5.4278125514299,27.6848775685985,1656.93992248062,35.6828035783369,55.5535,398.633332204691,582.887646277595,-1068589
0.350400000000257,1514.999999999,-2951.99999999757,-30.7805649291844,5.07885350392773,23.9306967842425,1781.64037558685,30.728451309534,43.0258,512.939205248019,753.471057391763,-1068185
0.227666666666504,733.333333332437,-3136.66666666744,-27.5568696658231,7.26356765929174,30.2064950563987,2158.76233766234,39.3422367478693,60.7971666666667,549.273397086879,750.922262945762,-1067952
0.298399999999939,0,-7000.00000000166,-41.88691129271,8.35244200015577,26.8413300067611,2263.26589147287,33.7693954079861,48.116,660.127380919668,1066.3691310197,-1065990
0.277599999999944,0,-8804.00000000221,-41.594014260146,8.80783349581715,32.2917770617019,2527.28380952381,41.2455931019846,52.2346,642.310579806731,1055.1702068904,-1065863
0.255999999999759,954.166666666301,-2036.0000000019,-28.8902443810414,6.97088254233673,27.8299007219909,1896.92093023256,37.1366067519315,56.002,525.973303927858,714.781568940663,-1065862
0.189333333333402,2258.87133699573,-2638.3333333326,-21.1239526660148,6.15029468093183,29.7061692565374,1979.1797752809,29.3643789833405,50.6643333333333,483.580789146502,559.891016083595,-1064816
0.252800000000192,1452.49999999885,-2229.99999999866,-27.778266260347,7.20801121278663,28.7642274218704,1962.58323699422,36.0712122960408,67.4254,520.326143138471,807.013235610129,-1064803
0.281199999999754,1033.33333333373,-3084.00000000271,-30.1487871229271,6.91700422589348,26.4593621296333,2378.82584269663,37.6859752849305,52.9268,637.283644574484,917.927371443859,-1064491
0.257666666666408,1874.4588744608,-508.333333335252,-28.1347190219036,6.80389822617433,28.0064321810751,1749.00168970814,37.5620846065808,60.4326666666667,470.205502046679,605.449533703772,-1064251
0.31039999999994,0,-3946.00000000073,-31.8908825479809,6.34889569227935,24.823470556045802,1820.80037174721,27.4150784739897,42.3162,463.208775921244,741.21358348747,-1062219
0.245111111111351,2032.43345131715,-695.555555554011,-26.3530008279804,6.57408778016903,27.6808153270763,2031.95944770602,36.6086058198123,59.2247777777778,568.265487761619,744.688379698503,-1062179
0.212857142856893,1296.4285714281,-5115.71428571923,-25.3714263767521,6.7700998877831,31.079087724003,2141.95325175306,28.7675976324399,47.4787142857143,471.190680275773,611.210117431373,-1062084
0.304800000000076,1295.83333333332,-1679.99999999966,-30.5593441204624,6.26319003156584,24.6732224617618,1718.24321223709,32.4572656380076,52.4584,473.011596656923,700.895827174592,-1061695
0.176899999999964,1300.75757575844,-3598.00000000116,-23.7805604875033,6.18993357335425,30.4622744873555,2422.38120686368,34.6724652898576,57.0054,589.901945876031,732.89346456059,-1060464
0.165428571428511,3237.4999999986,-4910.00000000022,-20.5505102436756,6.30775564565289,35.6095349818307,2081.99563087515,35.6964861899755,62.1982857142857,437.456436036302,533.711776031093,-1060309
0.175777777777703,2174.38271605052,-7128.88888889159,-26.3080770449141,6.70217495690178,33.3235519885921,2612.34307992203,31.6744988349586,55.3942222222222,581.327594233984,724.010812083081,-1059094
0.229666666666626,17800.1052188598,-113.33333333683,-15.9463192803232,3.5056629084248,29.5277127822451,2379.63837312113,36.109883185817,74.3086666666667,547.319911854478,648.067653475225,-1058964
0.181333333333421,5260.4166666641,-8903.333333325,-15.9053429545272,4.37450030160703,36.6756142282611,2929.28130841121,33.0305133638052,62.1351666666667,544.370427420498,621.702816890753,-1056691
0.295600000000196,179.99999999994,-4157.99999999674,-35.21152860278,8.01100122834576,26.6360904098741,2037.12544268406,37.5323050795337,51.2624,596.628851818948,879.885359401136,-1055394
0.279666666666645,162.467700258199,-2484.99999999953,-30.0794520229966,6.29323557133788,24.548677371274,2270.38499025341,32.9133238962508,51.5388333333333,684.464452586461,959.299585703248,-1055364
0.399142857143098,1309.69387755005,-2867.14285714078,-32.473307328909,5.29530545809908,23.6687232501587,1922.61038961039,32.1662322850371,48.923,565.153291848167,871.688900887965,-1054783
0.230600000000004,525.434513198851,-1779.20000000056,-27.9832498453662,6.63866890377274,27.1603299253107,2225.62018782193,37.9730894803619,55.22448,624.574569203326,849.286639657813,-1054701
0.269599999999902,316.66666666656,-2600.0000000015,-31.298922039257,6.69721561707797,26.2275884614692,2012.28720930233,33.1880571959738,50.8868,598.409394275057,801.702953404435,-1054611
0.242266666666667,3439.35834668796,-835.999999999762,-24.4671060334955,6.03782552139887,28.5459564806588,1995.0556852979,40.9772096081665,62.5774,535.571658836864,717.684730420723,-1054474
0.197666666666622,1968.58465608556,-1816.66666666469,-22.447523606579,5.75965997710197,29.9013501506187,2555.07037037037,42.4565018995589,70.5456666666667,668.95646844608,826.921054162328,-1054224
0.360400000001232,349.99999999975,-5601.99999998037,-46.6202747547164,8.59847125955513,25.4107166385519,2051.01876172608,35.6933620717378,42.3616,547.904294046322,1005.4472502825,-1054070
0.214666666666505,4403.59477124679,-6811.66666668505,-19.0028481358233,4.94036529404228,32.6439832238423,2752.54066543438,33.1043901269943,62.3406666666667,568.975095009047,676.38632310052,-1053238
0.138400000000124,6723.72549018937,-8565.99999999271,-12.5617052850703,3.82463213231096,36.3515178815123,2643.84589552239,32.8102069715484,69.0112,507.489378819451,513.301137179218,-1052870
0.300249999999651,875.222057598889,-942.500000003231,-31.4864335179903,6.14821672804981,22.5685808393339,1714.53851540616,37.7321278315174,56.257,543.016946845059,875.626995800961,-1052772
0.176999999999906,2513.88888889223,-5381.66666667183,-21.3953918509963,6.05316212772008,34.2038563282713,2581.79633084577,35.1398420566299,60.4803333333333,572.509574796937,695.027372291183,-1052744
0.176333333333215,1777.77777777763,-3521.66666666932,-23.5477880833246,6.24988915173939,31.2220282166319,2316.77334570192,34.9657740191242,59.3796666666667,575.371693297664,686.828395966225,-1052500
0.159200000000081,9489.99999999462,-10457.9999999913,-17.1293378080683,5.5489739917328,37.9238537385007,3076.38301526718,39.7172266995413,75.8972,642.5138052839,665.532983944464,-1052490
0.265666666666524,1441.50499706122,-8.33333333334387,-30.8719571010167,6.60591543478611,26.2739010447467,1986.83239700375,47.0731458312221,67.9145,624.356141005071,892.306920390766,-1049567
0.342799999999917,0,-4496.0000000013,-40.0739147104584,7.88569277116276,26.9455075976219,1983.90900562852,38.5632781939865,53.377,586.396675237907,932.489374020315,-1048336
0.172000000000056,1425.00000000023,-5387.99999999807,-23.6769930681158,6.69915534956972,35.0328992325203,2430.68452270621,34.999835783521,64.2116,518.08435755235,660.865639746855,-1047972
0.349000000000149,740.053763440591,-1846.66666666525,-34.2721970532288,6.23095884419863,24.6109553620942,1804.22135670237,36.5921251996195,54.2241666666667,540.906717282901,808.005365421768,-1045513
0.178800000000113,3197.46031745708,-6459.9999999992,-20.9187359139304,5.53636795120665,33.9031374235504,2836.67550822846,34.1885316290045,59.556,614.924866399975,726.258308460998,-1045100
0.171199999999983,6677.18614718786,-7550.00000000294,-15.4665581149496,4.75311061973346,35.1090474357923,2501.16853932584,31.292725950489,61.2848,477.397424548758,510.000908588584,-1045096
0.303999999999905,2003.72474747563,-411.666666666673,-27.5287363883171,6.23220163010918,25.4120815943066,1952.49768303985,36.7561414208087,58.1026666666667,552.92072761783,766.073641754197,-1045000
0.151999999999921,4362.50000000185,-16500.0000000127,-19.3434755905336,5.69797143305078,43.7155469170507,3447.40802987862,33.0840413282922,62.6468333333333,598.513540057279,628.408931078697,-1041165
0.258400000000041,0,-2450.00000000001,-29.5261544097116,6.76066887399372,26.4508735093916,1962.2284607938,33.4736268440082,53.2296,537.186096074673,760.65361477867,-1036773
0.218800000000013,2032.53801169571,-629.999999999813,-25.7903142657291,6.53719865745525,28.6712045320292,2127.69008832188,43.51514611151,66.5844,566.76405580453,783.066307561656,-1036611
0.338800000000151,449.999999999716,-3407.99999999764,-43.7728468766774,7.99271375334845,25.7214595310352,1784.46979362101,40.9603176535429,50.0384,528.363397049819,906.171136880352,-1031435
0.236285714285682,890.419501133976,-2491.42857143173,-24.5382388718697,6.11913125229033,27.1685523074475,1879.82276119403,27.1634398349767,45.8328571428571,461.963873431165,586.569177610644,-1027431
0.285199999999899,150.00000000035,-5594.00000000056,-32.8088230026294,7.15034974172552,29.9824358866602,2829.54124513619,40.9039294159812,56.8224,758.549050506232,1085.00430083259,-1025610
0.24479999999964,1447.08333333491,-3961.0000000067,-27.4358053745277,6.08265908487457,29.9678703466503,2433.07261237833,39.2115958253845,58.9994,641.278593569646,855.77419279904,-1025599
0.197666666666733,4113.60075110227,-1904.99999999996,-22.7485564761831,5.57716394829706,30.8062680434712,2211.5819828408,41.0016853720979,66.369,560.39990996291294,697.943935432228,-1013763
0.249199999999953,606.400966183556,-2051.99999999995,-30.9972790146524,6.68259701927804,27.3450726630999,2328.0708984375,45.1628594445131,63.0064,706.160621843806,1016.48450871029,-1013726
0.145599999999757,13241.6666666908,-23072.0000000352,-13.5785315284148,4.30482447788048,46.5486783139573,3221.16853932584,34.2474695953875,73.708,482.756428355886,478.55510280991,-1013320
0.2326666666667,2066.07363224954,-818.333333333289,-25.352601146257,6.32519567658086,26.0076914679428,2114.68539325843,30.8229547266772,50.8266666666667,571.116884303806,731.726640736056,-1013214
0.150857142857156,2869.69776255344,-3582.8571428555,-19.588433319309,5.4521318037333,32.9227013898273,2276.49551597827,36.4739433925349,63.054,538.45245848831,609.630569308183,-1012202
0.308799999999976,1209.04761904803,-1743.99999999988,-32.7729329087353,6.57504171557023,23.7160418517149,1542.0170411985,36.602536593,52.9514,481.910565083504,738.515011727295,-1011776
0.266000000000125,1835.49967559176,1365.99999999931,-26.6173720320955,6.11299096103683,22.4490672071008,1979.78323699422,29.1322228890329,60.0882,640.932446479535,909.664444171072,-1011775
0.20879999999996,6468.53501400743,-4700.00000000143,-18.3327729537922,4.77457556046862,31.7483386947834,2766.55023386342,30.4888748499905,60.5136,596.605324683042,678.354375386638,-1011712
0.245600000000035,1204.99999999973,-4725.99999999893,-33.0066382760019,7.96382194278217,33.052692274965104,2236.21280148423,37.0705099309923,54.0888,552.008499053058,716.661443297287,-1011180
0.203200000000013,1931.6666666666,73.9999999999349,-23.6511865447809,6.1188438843153,28.4406048725847,2031.228,40.6803377960056,66.1548,562.44675303044,692.642127253925,-1009229
0.180666666666246,4166.31944445416,-3683.33333334192,-19.9266450564346,4.94659770840949,31.8850958192995,2470.13837312113,36.4347284669135,60.8273333333333,577.951925762259,692.684287558596,-1009227
0.179142857142764,4130.41490858126,2109.99999999989,-16.2762089117373,3.64503336763023,21.7779763834012,1811.92763509898,31.9954564799634,55.8498571428571,550.672837189885,764.273471376597,-1003856
0.211999999999878,0,-4788.3333333357205,-24.9557582357792,7.27242656792951,32.7836629293204,2389.45454545455,32.9841769424563,56.5641666666667,546.50095121504,677.202304099259,-1003303
0.277800000000111,6627.95199502283,197.000000000064,-20.8858449800729,4.33437468682356,28.3549291550077,2232.60851462381,35.1526233905303,62.6423,540.587137545231,681.676906336778,-1002805
0.170611111111081,2016.63865546265,-1819.55555555578,-20.045836096273,6.01988322725275,30.9446304463216,2334.91124085346,40.9736260947614,67.9892333333333,598.633324196579,684.498032168873,-1002416
0.202333333333517,3485.71151070856,-2016.66666666424,-22.6772977615529,5.72884676663536,29.4491426022822,2225.13837312113,35.3579582971483,56.2548333333333,535.50135488893,673.483293838347,-1002415
0.157666666666769,7254.91452991073,-8036.66666666546,-16.3340547245093,5.01489504162585,35.7931828729003,2890.63837312113,33.8479793633975,67.189,591.785685961271,637.529918179003,-948866
0.214999999999792,4397.49558918565,1439.25000000084,-20.8156703764051,5.74664181778795,27.95184878676,2396.63120686368,39.7722420059206,67.400825,656.78028878367,787.132820266303,-948590
0.246000000000158,688.095238094634,-3051.99999999799,-32.3012610156076,7.72296096104611,30.1215678712499,2274.58323699422,41.0783897195523,78.8846,648.826283914047,1078.01489603881,-945629
0.350799999999874,0,-5198.00000000198,-44.1486457005967,8.3085206582606,23.2346220924948,2856.48767377201,38.6175089684872,53.3078,978.003187381363,1692.91741003628,-924848
0.392399999999812,706.666666666525,-3600.00000000305,-42.3793799153465,6.75915005397033,24.9813161829291,2053.90877192982,40.6219882284518,54.5926,647.640783860909,1115.98224567283,-922186
0.13319999999969,4932.43589744739,-10970.0000000256,-15.2426907052058,4.78751900089416,39.6588746143336,2650.50543071161,30.895164359356,63.4326,488.080767745059,494.926562271761,-919621
0.186666666666628,5694.78114478191,-4175.00000000173,-18.9751009834191,5.36676364822265,31.9809667744712,2310.3050397878,33.8529644103989,58.1183333333333,529.733374146693,579.328143673094,-875208
0.249999999999989,60.0000000000203,-5416.22499999982,-32.7250363505618,8.65322156390745,30.8892498952073,3074.70399805919,47.5248340010936,64.23595,899.574886816172,1188.21548379005,4817
0.244700000000087,362.457912457796,-3680.69999999886,-32.148058489966,6.86172503676868,29.5873848469972,2577.57,50.0222629108804,60.7663,777.559150039918,1031.73923512138,7421
0.255199999999772,777.314814814975,-3231.0000000036,-38.2458719326616,8.22246191691911,27.4288334826194,2618.24648093842,44.8421329561704,58.2766,801.811515251032,1130.46873193901,7596
0.260600000000084,99.9999999999666,-4799.99999999824,-36.5657710255537,7.77945410326304,26.1911263320591,2483.81433944523,39.1692310975245,51.7922,786.91506086677,1128.97115229982,13540
0.174333333333345,5299.30555555598,-4729.33333333311,-25.896946214518,7.00542522628326,37.9110243055556,2886.6,57.8614006352131,86.5246666666667,759.028882613355,888.857721455313,17876
0.232250000000083,2311.08423520833,-7018.03749999737,-29.747917427649,8.04029853011102,32.3011252548756,3280.14495192308,52.5576205717129,60.153975,900.048704492567,1146.44255607344,66465
0.262711111111207,1105.49860175286,-1323.15555555488,-34.4675633330283,8.03292237112325,25.4213914862207,2431.38145316526,42.6744437995877,59.8084666666667,811.993808832214,1126.49975131561,67124
0.168455555555547,66.6666666667036,-6245.04444444474,-32.1044472193934,7.93002023308791,32.6201030139425,3035.04948726406,46.587002950050604,57.2116888888889,850.723855737349,1040.04921214783,67367
0.21180000000001,2917.95182019789,1822.39999999788,-25.9094843535789,6.3550226765499,25.5869938650307,2064.42,49.1856208243894,69.2332,729.745515819891,889.143340120427,68827
0.238400000000049,626.790209789969,-3952.19999999937,-31.8787161230932,7.78443490279728,28.1136442084006,3074.52666666667,50.6662370136013,69.7078666666667,993.647224116853,1298.60169140618,69773
0.205040000000105,1590.64369954255,-8302.85999999634,-31.8420967283992,8.20719920058106,37.9813358888905,3701.85539216644,53.870066299761,71.49272,917.919435914628,1092.16370189734,70256
0.178000000000072,3032.03581097877,-1281.7999999988,-18.1874514581697,4.95228358989528,25.8727853152434,3241.76,28.6515254226488,46.211,849.110697877356,934.267646590601,70974
0.19553333333337,1733.21603625376,-3737.58333333219,-21.9313783905777,6.07388709536573,29.8323769338781,2642.19224078445,39.8233428247366,54.1196,713.449772668085,794.098910861971,71625
0.214266666666615,363.163780663673,-3705.66666666815,-33.3360865505293,6.85952894160145,28.8780903964886,2693.70438909954,51.4585244392755,66.4427333333333,746.37548313305,1155.60102597888,72425
0.260300000000017,1632.94797427446,-1432.64999999997,-30.1729362964404,7.37575849109253,26.3030562906289,2706.49222222222,45.1602484239566,61.004,868.794450696809,1147.31063001156,72676
0.226200000000034,805.708486252998,-1199.00000000021,-27.6450438113094,6.54217084318098,25.1479802955665,2545.82,41.7386224307622,61.4012,829.185988730082,1029.40602659881,72760
0.255800000000351,1398.03947033234,-3771.49999999564,-34.6520637619923,8.381773774038,29.7692272589664,2903.72812033177,47.6945147886678,64.11464,845.565683013817,1152.34113397056,72806
0.225240000000084,1008.05939393901,-5180.8399999977,-34.0396828636859,7.96334137060967,31.5039198829799,3286.63727821358,48.5778634973135,65.28368,956.88707891681,1288.34340478803,73350
0.230566666666705,1671.49346219037,-5233.63333333185,-30.2903449275487,7.14957775015181,31.7749625125007,3393.22007375751,53.4800223231736,66.8788833333333,963.331720058206,1230.11161526194,73503
0.164333333333413,2403.8540767309,-3162.66666666506,-24.4414817617702,5.79083288063818,32.4857698161452,2977.1559754522,46.5123443788371,69.8165333333333,820.722043266735,957.250213848318,73515
0.231900000000032,1637.33286758776,-1758.06249999933,-27.4230350446253,6.68996298179258,27.8443098411701,2343.70861567355,45.5592503666727,62.13015,718.644880625583,888.94448381201,73747
0.310966666666385,1000.15759086005,-4639.1666666718,-41.9534155765145,7.54015633248168,23.0101014925258,3122.39472083577,47.1344619102888,58.0399666666667,1231.59717127562,1821.50548433333,74489
0.31656000000015,1252.94155844072,-4094.37999999794,-43.3049440747545,9.4862311258802,26.2443193761584,2573.56991404243,50.6112919881204,59.54088,906.881522932941,1315.72562570693,74530
0.239833333333441,1787.95614571758,-1936.01666666594,-29.0539675414556,8.1859710218702,29.200055396838,2872.37,43.4686421599963,62.51655,844.383030986701,1057.22941211031,74779
0.242330000000045,735.509821131272,-3748.42999999901,-30.7737279952162,6.94495902326319,26.2238979583857,3147.53065827686,40.6583794808464,59.7178,977.008990063068,1337.38124612084,75568
0.219500000000092,630.056935817634,-3776.94999999843,-29.5335245863719,7.59901570117885,31.3180810739692,2791.28086165049,52.789675024199,72.7556,856.62405146209,1033.43899213628,76016
0.278844444444558,1377.92437364573,-466.869444443879,-33.1539889968319,7.00344996292287,24.6896748232367,1841.26751471723,44.2269645258537,60.0488944444444,611.036351973111,877.767496432979,76178
0.188883333333421,9798.34469216099,-283.212499997813,-22.1233223945823,6.53743727674497,32.3845275421509,2998.80460134712,49.7223980274216,74.9279666666667,846.197130537776,998.251403923575,76264
0.169963636363707,2377.82544690638,-8509.31060605766,-21.6010358797733,7.32750867743063,47.8219693856259,3346.57855241507,43.7531592647276,69.9370515151515,762.73083600871,819.473161773569,76482
0.258560000000057,1901.71017491269,-621.479999999349,-33.8445958503461,7.14455228212439,24.1697917093036,2751.77974502735,43.1340204659255,62.28748,969.459270188877,1360.53748803585,76486
0.198533333333319,928.768895592458,-5972.86666666723,-28.9895422190277,7.11827796167456,30.6392136541849,3328.50734848485,42.1627763876604,58.084933333333304,928.657552019477,1166.56009972423,76643
0.195485000000039,1997.8240134979,-3561.41499999942,-24.5815926267754,6.13902681356365,29.1625538927243,3108.93330063834,42.9881109980669,56.607535,870.291014008722,1028.7838269777901,77178
0.280385714285791,901.803609884765,-1772.73571428529,-29.9964729043928,6.62887333028465,24.282284002813,2431.89204116484,36.4508793775485,49.3365571428571,705.969500026345,1030.26466582364,77329
0.256200000000061,2241.51464213476,-27.4999999996354,-31.9055809464583,7.10337010152022,27.3149764527536,2655.30492739889,51.0973782086474,70.8817333333333,875.330683872012,1222.70444693556,77342
0.245916666666712,1123.81694086415,-1222.0666666659,-30.4111670446764,6.91392138956115,26.0284628740262,2537.43264597532,48.4600298554756,62.9626166666667,805.633185345704,1115.13130747215,77484
0.192900000000087,3038.74999999936,-3688.39999999795,-24.135676271585,6.45455309057401,33.7292281429086,3207.60734728235,50.6071805501142,75.9267,841.708576960166,1018.41121486071,77618
0.19360666666673,2094.32350097416,-2583.10666666562,-24.9650733503541,6.42040104012755,29.504831694168,2996.15596882664,43.6420899268999,59.2388733333333,898.249469671214,1014.33302949535,77624
0.209400000000066,3860.71125934886,-1119.59999999987,-23.8669032200613,6.78555035637508,29.020141509434,3070.5,45.7968471087156,64.9509,922.144478644267,1086.25759797709,77907
0.23086666666674,3742.86752136349,-4097.69999999872,-34.4348510588562,7.8429095069892,29.5864647652614,2221.4051327437,49.0311906035326,60.9640666666667,711.925280670432,913.979061217889,78112
0.286860606060674,4781.60410405301,2199.80151515099,-27.9831461331398,6.12762628845803,25.6788172480828,2649.7875780927,42.188493212922,64.7805484848485,799.937361520046,1029.95627710723,78831
0.283566666666633,1626.45604395509,-3830.23333333393,-39.3743782002239,8.67873640617136,28.3532996457532,3046.7423743731,59.3320385580172,67.04985,976.940156807589,1479.88026232573,79275
0.219440000000026,3045.01953118241,-3099.07999999935,-25.1386328117535,6.0327380628885,29.2525521581427,3278.71636786225,38.6838607624102,57.7344,909.890203516215,1111.41141450033,79747
0.26053333333336,3112.24666852402,279.133333333367,-27.365026190311,7.13479687080027,26.3954774601843,2511.88899902818,43.0444759447579,61.2854666666667,796.148836766881,958.689452912614,79866
0.189666666666663,863.213940648596,-6749.03333333237,-24.5692649906522,6.98031101955601,35.6366426327753,4363.34183357064,48.4937044614257,75.2844,1037.2910148641,1260.31568383013,79878
0.216155555555579,705.773935501585,-1442.15555555526,-28.5187929256205,6.53002886162031,24.8739310074929,2373.26414761671,36.3150900611665,53.3771277777778,761.771507986065,979.879653144353,79994
0.304153846153936,444.904948417558,-1613.33076923001,-33.8285630650316,6.93095152531587,22.221374209431,2161.00805045094,37.6642177232834,50.4977230769231,749.679171651051,1051.54192310124,80002
0.175660000000034,4194.14942340801,-3361.34999999862,-19.8898541017549,6.28113695854273,34.2082203705824,3091.87273168592,39.9473667100551,70.62624,733.978904641911,813.541325590248,80173
0.22844000000007,841.930735930683,-5184.19999999828,-31.0995355885819,8.22630125726303,29.5313661548438,3055.44708619878,44.0994606417991,59.54872,903.42090068591,1135.64136295498,80182
0.237200000000055,739.99999999955,-4530.79999999918,-31.5564601650129,7.82377851570892,29.5941121047962,2696.67,46.5679685148301,60.1431,841.393352579684,1076.51838938755,80441
0.238657142857176,474.404195011299,-6442.19285714164,-31.3295910315312,7.77324662066048,27.0945904402439,3209.27846857229,36.0255956128321,49.2191142857143,959.728290222171,1206.78903436741,80598
0.215499999999955,0,-7984.25000000184,-32.6609473215224,7.62306356597238,38.3096774193548,3312.6,59.26443600763,72.758,945.066683062288,1198.77243434528,80672
0.220915151515213,1734.72912185563,-1516.4515151504,-27.3188942171182,6.26908770890837,27.3987257164943,2549.74908255267,41.0587875634514,58.5074666666667,752.111324790703,954.618317401962,80786
0.20264444444449,3567.44056188325,193.503703703642,-26.6049040594164,7.07539757775241,28.5217526041239,2846.98835803671,48.0297654702897,67.7359925925926,840.575290949304,1020.33107218617,80789
0.217920000000103,489.454545454162,-4649.45999999798,-37.330135285647,8.00973628020273,29.3118252276546,2450.71,47.8761314949338,59.47444,771.276265120763,1069.71184152068,80793
0.180950000000059,702.518928960942,-5220.437499998,-31.8766640997478,7.64221407039839,30.4672314595999,2907.58069405563,39.1749603263308,51.3941833333333,816.763605637006,954.417818357811,81064
0.303612500000065,300.364629930852,-2003.96874999923,-38.4801414055165,7.97062817625985,23.3006544991175,2309.78273539097,44.3489534632008,55.2936875,866.85683761558,1258.06854773522,81359
0.151266666666714,2874.17508417613,-10999.0333333304,-19.8969457395491,7.1631739715207,41.152419253906,4192.70118965512,46.6173572559052,76.0362666666667,901.189329213752,965.755782838514,81658
0.2190727272728,256.060121561876,-3283.28636363487,-28.903401916153,6.96174758511789,26.1746389108901,2878.61815684893,35.885043075301,47.7510772727273,893.359408510023,1109.33480153191,81971
0.240750000000081,0,-4921.24999999787,-35.2802073922686,7.89262571886327,27.1160312001595,2553.14796401515,44.6680036272144,51.6195,871.92077858787,1123.02739115681,82027
0.214900000000023,6422.76390480366,756.800000000086,-25.5323715520737,6.41016504990976,28.976861815107,2612.37259752163,49.5329907548469,71.6845,781.252812686193,953.477019643788,92681
0.225780000000073,3045.62864761233,-1643.78999999895,-29.1889639196515,7.49682864693034,29.3675778055126,2506.04631631842,50.3530363120211,64.4894,835.049309879309,1024.72033462907,93010
0.238612500000038,3175.72229880273,250.54062500005,-27.7003026062675,6.26345503890238,26.276914469558,2794.62904039833,42.5842356865924,61.345840625,890.204915596977,1131.07137071707,93565
0.220109090909139,880.189810189844,-5643.99999999844,-32.7021520141002,7.57467279187487,28.5041115673732,2591.23447219951,43.6380412662942,57.1437454545455,826.659458977223,1101.83989390964,93643
0.24820625000009,658.493266527246,-5059.78124999775,-36.8675600607295,8.01961889259325,27.2507166324738,2760.01136342242,46.6857272277418,62.4462,975.613445648426,1361.60409996908,93721
0.201525000000077,4183.72389155597,-1652.12499999949,-24.9256875486711,6.32989975476374,29.8041818963562,2842.05676659399,40.3647291532527,65.235425,769.839144281628,942.82073270627,93779
0.173600000000045,1563.45404595367,-4419.56666666495,-25.603843255211,6.65860808432789,31.7689071791667,3222.87689637395,40.5343412941498,57.2306666666667,877.159706600959,1014.17722823278,93786
0.242675000000103,2235.44472115741,-1022.34166666563,-25.3620273268919,6.36800995547913,24.9655171123562,2606.21871840442,40.2419601105139,52.3858166666667,818.448129039492,982.621742933301,93977
0.207850000000075,1562.04579959525,-8328.34999999705,-26.6284190143139,6.67540037145796,33.6163781743854,3341.70370018975,42.9841405306538,57.7923,847.275027356479,982.173627618708,94720
0.214225000000047,2574.47458707955,-1744.37499999949,-24.7308533222686,6.19752547937578,29.963749383729,2603.20452108804,43.2165244252852,61.9953,734.299687137183,860.040551930228,94856
0.237150000000355,864.674606030584,-3418.04999999458,-28.1353294122648,6.98108150489197,29.1625333126722,3024.23587818759,44.8631130582365,60.22815,911.869993555246,1146.83136666749,94914
0.261586363636443,143.661701763257,-4286.01818181663,-35.2014378083523,8.05164053961119,25.1798919099595,2434.74227272727,44.2454835547701,58.1170954545455,715.924899721857,1147.47459750289,95022
0.220742857142933,2028.19483351168,-1982.1249999993,-27.7134453477484,7.17369884015305,27.9297117605701,2780.70932235096,46.6067141220026,61.6097238095238,867.381224402237,1065.17254597174,95026
0.230050000000079,1109.81620872045,-2009.0124999991299,-30.1647264795787,7.21324397522527,27.2906119477036,2535.06396275342,43.9162380965352,61.6413,725.520733102743,972.363157681125,95603
0.228440000000095,1026.60608541321,-3893.89999999839,-35.0869946017243,8.11648418948312,29.3909378398141,2832.40244368879,51.3981138409061,65.14068,891.578229926255,1205.99821078479,95676
0.232600000000104,710.277777777843,-5601.46666666397,-33.202793457058704,7.49519547992979,33.4601030708982,3290.92679366111,52.5503641615048,70.0585333333333,914.576066887276,1215.63963456944,95829
0.223170000000092,836.209436007178,-874.779999999219,-27.7199900058051,6.43201292049832,23.9151574721353,2378.81330952381,35.9986246985591,55.48798,760.755458979133,1008.94840052353,95872
0.276677777777852,981.012148214972,-1710.6833333325999,-35.0952752031909,8.10916496319325,27.0535936770747,2302.12465086484,49.2549592880397,61.9156388888889,589.008738633643,982.304792673581,95970
0.263833333333397,925.691499309607,-2653.3666666656,-34.8338841195548,7.81962379885694,27.2107628120311,2392.67954991319,52.3931921647145,74.3831333333333,833.508864476807,1132.56031253578,96064
0.284416666666769,162.503448508966,-3081.52499999879,-39.0455888009566,8.68443232929914,27.8205533509067,2470.96387354597,58.8286979454697,69.2577333333333,885.589276440567,1246.43976995622,96128
0.207028571428611,487.713931726583,-4967.68571428433,-27.1922914811296,6.91659269985634,30.7557692313259,2785.86458268479,39.2249924098895,57.3036285714286,722.90483589839,921.785235752894,96204
0.172933333333346,2677.50500289138,-5995.00555555526,-22.421259116401,6.25643707655367,33.7002569654536,2959.74423612249,42.9672274644646,61.3273888888889,727.951246553288,807.780612289307,104277
0.226613333333349,537.207376283815,-3983.29999999954,-36.1311920726035,7.88402011536052,29.5948921776044,2785.63721068198,50.4040186336841,65.6264266666667,883.250308773841,1227.94834275867,104665
0.261800000000176,0,-3872.39999999726,-44.7554661904012,8.78840312682206,28.2552423900789,2490.36,53.0903101383234,60.4842,746.84971066448,1223.74941445918,106251
0.228650000000019,1078.99647737876,-3974.47499999971,-31.1184950732671,7.26864282041954,30.3755290398847,2976.64409762952,50.2648487860467,67.7446,894.747697925296,1197.80691599833,106274
0.177520000000041,169.333333333334,-5396.73999999839,-27.6485503918284,7.52310235383311,29.9500164219733,2882.55092840431,38.2863874312788,51.18664,816.878090743957,1006.45273255382,106279
0.24725000000001,115.827546296279,-4591.71249999953,-35.892175442306,7.47055317954742,30.2360382388458,2946.71028817588,54.647197037072,70.20625,974.609415114293,1309.74438667532,106480
0.231433333333715,1888.29787832104,382.749999997613,-28.8958965786291,6.49451659154227,24.9156328070147,2464.18062862112,41.475499796111,60.2951666666667,815.91857038869,1062.56440297435,106530
0.213714285714364,1042.44134607,-2641.74285714159,-27.382279614938,6.83056289840743,28.0919744967243,2726.82571428571,40.5091382036547,54.4273714285714,759.202502541579,971.042255360067,106564
0.184880000000043,998.678964375452,-1914.50666666632,-26.8948087311134,6.29887263300065,31.3053598019607,2768.35651812772,51.5193158626672,68.6332133333333,780.422436355979,1026.17748649664,106857
0.17813333333337,3630.55500265986,-5301.38333333205,-22.1912391424939,5.87881109835172,35.4844713786684,3281.39705191064,46.4751485725884,73.8966333333333,804.731077923525,918.981649755492,106952
0.211485714285761,664.736706057652,-3573.62857142747,-29.0019623027429,6.78607867116764,30.3583308553779,2816.33428571429,45.7255475096464,63.5254571428571,771.931099104908,1026.15071162751,106969
0.247942857142942,1426.57277793011,-904.21428571344,-34.3090915064116,7.47767532344526,27.0583311004358,2620.54091787627,50.1987353287837,70.2062285714286,870.306339695702,1226.71555637617,107027
0.226500000000052,2188.62299467863,-2318.19999999879,-29.5217525890376,7.35931895703852,29.0688803214331,2454.64062583244,47.2149128438765,59.8026393939394,761.506414513631,936.829444067002,107167
0.210916666666733,3227.73666257926,-4012.191666665,-26.5823477190863,6.77437273425938,32.281711066772,3414.47555555478,46.4322056608571,67.7184833333333,921.136173959548,1122.49820575739,107376
0.162142857142906,3709.50526922111,-6982.37142856858,-19.2149803397308,6.12811647454642,35.3431271167012,3490.10746485518,40.5151517815297,69.0277714285714,788.442808985512,864.368159180733,107731
0.161181818181872,3206.6844599159,-5044.92727272565,-23.0221263015133,5.88195272331274,35.4223305508314,3301.65205917467,49.8346115487002,68.3666363636364,877.509186025658,978.305647604747,107733
0.230960000000071,109.999999999899,-4310.63999999845,-35.0282613435315,7.99167382321737,29.6170741404462,2546.72,51.2220844733795,65.54148,826.058463487251,1107.92007774678,107788
0.248169230769305,148.705419580439,-4661.04230769087,-34.6750830315636,7.56627699278726,25.4192304011814,2959.84954303494,39.6845436810321,51.8656384615385,967.556989546314,1391.62064275063,107793
0.196150000000034,2002.54254733515,1075.45000000005,-25.3470433897768,5.9717151242267,26.5494800089782,2508.40514071295,37.6819055252625,56.5185,713.582966123174,929.25422039059,107812
0.204400000000084,239.749007936575,-1867.2749999989,-24.9422631323461,6.67386669884321,28.7300453774844,2661.80091313227,43.1441605420279,58.11445,822.517494816513,954.627978340112,107828
0.229235000000096,836.084528896717,-4030.5249999981,-29.3022097860067,7.72744319307747,29.8834917164185,2990.72389044662,42.566692892208,57.295745,843.088396288072,1027.83519279521,107846
0.206333333333397,615.469651268305,-3722.44999999881,-29.0278509246754,6.97805980055614,28.3051821179251,2942.59596504929,39.0596376976674,50.8988,859.999599821712,1083.21557725615,107881
0.170000000000047,7732.27640247305,-5063.97499999826,-22.4131448770472,5.99243575956567,33.2542851012701,3587.0016607565,44.0243809294,68.9815,899.475482203804,1040.47313722107,107903
0.27146666666681,242.619047619143,-7601.7999999963,-39.8444987805162,9.21415005113677,27.8612145746523,3153.11,46.2633657936341,59.8805666666667,1026.13230836623,1449.74587946533,107945
0.185650000000056,2484.35764083331,-5780.34999999882,-22.0521247175522,5.95955801974969,32.3521941999662,3239.215,39.4558120563006,58.3922,663.738403938899,864.140003823779,107954
0.152428571428623,1519.9916149919,-18360.0285714211,-18.3259169964029,5.42673255380121,47.623157184432,4409.43957888436,48.4767331196651,79.2986857142857,819.946017348788,882.34574654863,108360
0.163109090909138,4035.62871419704,-5297.85454545318,-20.6915487079702,5.7986848136585,33.9966703126337,3329.66545454545,45.5429495970346,68.0821454545455,825.718566932417,902.434473021639,108416
0.226725000000081,365.200255131035,-2980.49999999875,-35.5897344428976,7.97390001315989,28.4457695532284,2321.5913129223,48.4078002505028,61.6851,792.389020523674,1035.55060853012,108417
0.20165000000004701,1746.99871858472,84.3000000002141,-23.9020373359411,5.99450604998238,26.8326153444421,2355.02540667607,41.3022448932401,62.9592,719.197442337005,850.064271682079,110518
0.270100000000148,444.442959616622,-1844.39999999888,-32.1074674211228,7.63367853143052,25.6296480735487,2412.42,50.2352143156103,69.6623,744.682789178848,1108.79179483541,110519
0.189900000000072,6373.29850908781,-1477.71296296202,-23.7728615363564,6.22150485599835,32.4340860077152,2776.66436659458,47.6337520587669,74.2958703703704,760.360249641746,896.168878662729,110840
0.202914285714354,3336.49395352291,-1654.87142857043,-23.7113602105856,6.56273694744453,31.4415581977807,2857.22082074176,48.2727162735324,73.0366,747.506585410936,922.097764321838,114297
0.1767777777778,2881.72553883216,-3931.62222222148,-24.172111099017,6.66210444252145,31.776954105927,3843.15025560802,42.9953310079133,61.0413555555556,1088.4997055011,1233.37744860983,114299
0.172488888888924,1311.94700216244,-4920.14444444332,-26.9025266858234,6.50114528218178,33.7369498197145,3219.36820329348,49.0568622339649,67.3687333333333,860.036615667501,1081.92245095918,116925
0.215162500000054,767.953192640675,-5968.48958333146,-34.434974877882,7.40571931229222,30.2523560751771,3153.07429547543,47.2769796053398,57.3614708333333,949.252925395823,1252.33434215444,117176
0.23913333333338,737.666666666672,-6030.59999999981,-35.4163591954621,9.03442624144175,35.0697820579775,3120.84666666667,51.2737916699395,65.9573333333333,780.937854843555,918.463108686459,120249
0.258800000000037,1030.85818985546,-131.499999999697,-34.8384151697571,8.36469939668575,26.699536796073,2505.1057436945,61.4086188772706,75.3563142857143,928.486357042392,1282.74257883545,121295
0.187933333333398,1904.37422609353,-2548.73333333194,-27.0920315911901,6.82671297193993,31.3502250079784,2714.78493004019,47.060912035418,63.1308,845.198667930546,1035.96048312275,121301
0.248200000000127,1155.80710887041,-2564.86666666513,-29.0915299213823,6.95605323658108,27.9685088752941,2644.7544602844,42.4238498412279,57.9651666666667,796.322869499085,1003.1321937747,122339
0.250257142857214,536.78206104872,-3106.20714285598,-33.8723703990077,7.85002014445892,27.4206236131983,2666.25894083572,46.771790979153,61.2210428571429,890.99051389465,1167.68897120335,130759
0.218300000000034,1757.36246935957,-382.285714285497,-29.0432115184391,7.14593679655346,29.8420531156154,2798.74890324664,54.97950347158,78.3065285714286,865.26813301206,1126.30285985916,130932
0.162345833333386,2573.8050375225,-2012.88749999941,-24.1946938700605,6.62183964538675,37.5411458034396,2841.27418185744,51.1437953304658,75.5069125,807.620520329539,954.044302907896,130964
0.191461111111147,1887.78710006719,-5056.3666666656,-25.0002366108745,6.24791315100144,33.379626760761,3098.91261196927,51.3060078772242,66.6422166666667,865.451878581538,965.81242698569,131342
0.24971111111116,505.98594494414,-1326.07777777731,-31.8325917861765,7.33287323699594,26.2362810487002,2571.06754225311,45.7388639285495,61.3173333333333,853.745561678392,1124.30814429736,131393
0.196533333333382,2990.51992483473,-2543.7249999991,-26.7144588255804,7.42266032682766,30.8278407864586,3167.37692646486,42.7142553934921,64.1319833333333,867.209273901475,1039.09619676,132117
0.180700000000034,1802.30954381581,-3154.27499999961,-25.3380456103757,6.10021234547311,30.2247385273165,2727.10533607125,45.4841130402031,62.41185,745.535003245623,913.847940669229,132641
0.159355555555603,2785.5269781023,-3747.88888888747,-23.0627270458103,6.02491878344266,34.1683580017626,2977.16920467535,50.1284784645925,73.97315,756.064655511613,908.172886510347,133759
0.246400000000083,1514.54102582034,-2958.73999999851,-33.8639367970949,7.81178868360769,28.0338542721853,2687.48649202513,49.3208594312326,65.52216,883.895790631481,1213.54848833148,134877
0.187466666666726,982.135642135671,-8904.68333332988,-26.4508429664006,6.5799409196786,38.8517646933753,3988.54058657501,48.5719574423491,74.1352333333333,904.681209584541,1076.79294097091,135301
0.234800000000102,1236.17535785627,-4073.25999999748,-32.043761135919,7.19915858710651,28.5883818900971,2912.07055879921,47.4793470809455,65.27892,894.216126642902,1196.74980326735,137883
0.193828571428641,818.669090624824,-6728.72380952154,-27.4076601295517,6.96881354685837,32.3943299601413,3412.92085680623,41.3269626129385,56.2456047619048,957.637625390577,1139.43603250507,138104
0.244475000000064,843.171138535759,-2148.97499999937,-32.0225040366096,7.57427503251047,27.4940702879859,2488.63,50.4411585624571,63.3696625,779.197071982042,1066.6088572972,138501
0.252291666666719,884.863436830869,-4214.96666666571,-35.112938439361,8.26520650844644,26.6073449920061,2889.26312233866,44.0665919177277,55.4337291666667,973.928323614192,1294.64869215235,138504
0.200116666666722,382.022958817707,-1951.70833333219,-32.043280985381,7.02346131858216,28.1210968700849,2631.25788193362,48.5415159662987,63.9389333333333,854.985366359527,1110.77505167519,138715
0.271550000000101,520.476190476013,-6785.59285714004,-35.6557675956851,8.41549011283418,28.3654115016195,2766.33710021322,35.8559887254943,48.0838714285714,818.578781909467,1081.21424693394,139736
0.266690909090993,221.893939393882,-5594.43636363457,-38.5199775596442,8.05821961385494,27.1659535025701,2517.36431168011,39.9265964482383,53.1625454545455,788.865250888477,1114.4202146382,145355
0.23593333333332,80.0000000000207,-5378.33333333354,-34.4391037475504,8.08586523143901,28.1485731669062,2566.62618718655,47.1799484219508,55.7603083333333,826.930375168545,1124.2215606372,145429
0.22412857142875,966.614023130462,-1155.49999999883,-34.7663959271013,7.40495167092785,28.5582895834856,2510.07814304699,50.5241339853227,69.2518214285714,805.351631235461,1071.1157820167,145436
0.233888888888947,2450.7467313254,-1954.53333333252,-29.1809361304556,7.16431774213581,30.583107019447,3057.64764075423,56.9525638983518,73.7904222222222,911.963068451323,1172.47776363471,152626
0.277783333333444,133.143939393846,-5804.9222222197,-40.3533931400588,8.69977926163806,25.341565773888,2521.35166666667,41.9248834031142,49.5040055555556,858.747902551759,1276.6656063558,153743
0.230543750000062,454.624255952454,-5851.85937499819,-37.0858301057424,8.14198363714968,26.3777501387469,2590.02770020977,41.62684270981,47.442925,929.913603434145,1178.13876743188,154209
0.21380000000006,1214.26505714452,-2473.56249999901,-31.5796495470077,7.26823183992277,28.5587025665262,2683.14823482239,46.8231283541069,65.481225,825.174056422928,1058.63248214803,155659
0.158400000000033,4421.69341114723,-3481.61666666607,-19.5313182057807,5.71587262580243,32.6356227194153,3035.67666666667,40.2114389554247,66.12165,743.663618641496,823.680320047988,155743
0.203400000000067,3441.79532308973,3101.54999999917,-24.6559545256094,5.73242788382275,25.3880240082115,2500.73004901961,44.6960874211498,66.24215,862.503027653194,999.738303396188,155765
0.180047222222263,7403.61198982757,57.8777777779285,-19.2238577142133,5.16199643956097,29.5269659765726,2234.11846893278,41.1365966138856,68.6101166666667,579.706855178256,662.213904675572,155788
0.189683333333391,1140.7040300449,-3781.29166666514,-26.1670048542198,6.9393938684254,32.0406642191197,2874.52368121334,43.3654414701272,63.67945,772.406232076727,924.134596692253,158168
0.291511111111228,1151.44645893938,-1508.93333333229,-36.6056932457193,8.27407020873957,26.7013006018998,2588.32708231461,54.8081083299618,62.5955555555556,883.409532196115,1168.10753557172,159056
0.292984615384705,913.333765625339,-3336.31538461413,-39.2549418552798,8.21499273416544,27.1382358460779,2453.98177027368,53.9412765343486,62.2984269230769,778.857176614564,1138.26703794084,164277
0.206066666666736,3570.59909618247,-82.8583333331778,-22.5330731133121,5.95450019386458,29.0792331339415,2827.05001944614,44.2691733008746,68.2437,812.998195458159,934.216503427182,164471
0.194345454545512,759.923178009102,-3926.12727272585,-26.6596913693319,7.02770464468666,28.5738110612489,2949.0547786333,39.2986588184653,53.1935090909091,839.973631583593,1010.51408262942,165972
0.202857142857225,2046.0343078474,-1626.18571428457,-27.3713753062961,7.08302226114729,30.1521819778201,2922.14224867118,47.1701195902872,70.1082571428571,833.564146662563,1062.0976082769,167125
0.214466666666726,1699.389886227,-2008.98666666572,-25.8586102912127,6.61368098025479,31.8424153170692,2808.84244008799,52.2641284785072,73.7989866666667,790.02740010209,978.465442643782,167585
0.227100000000051,806.719017094091,-3194.01666666582,-32.937350832326,7.17393194356108,29.4238696057721,2557.04156026679,46.3433145077483,63.2251333333333,786.588484803377,1024.45767814659,167943
0.272350000000033,1426.21778523379,-507.487499999754,-31.2886245897633,6.76171576445139,24.8854825754914,2614.25435620654,41.117208730621,58.92085,870.976782682606,1164.88257627696,168595
0.179880000000057,2742.31071879434,-10764.3599999984,-20.9304098985283,6.53058533441327,39.0580817984566,3288.73589277279,43.5765896771045,72.85802,696.57679501203,757.543723721465,168757
0.250863636363668,2068.03072484875,-435.299999999875,-31.9065941847095,7.46031342933508,27.6166378371107,2711.29433282446,48.9088760470035,65.0719636363636,904.705241347106,1132.17859081069,168988
0.241400000000068,673.611111111088,-5944.26666666467,-35.0340339619952,8.11984246644909,31.0912217062878,2883.34359123146,48.4272970965279,58.9615333333333,870.762785818903,1148.49227428724,170245
0.25811250000007,693.98466158401,-3302.54999999884,-35.4641391300577,7.71730715598219,24.0620507058063,2488.88024342529,40.5016912788092,53.15725625,891.242553433419,1244.05747672456,170519
0.253940000000033,910.778249922565,-1205.48000000006,-31.959644230846,7.39424102549638,25.7765579056947,2416.80665358351,44.6721763567735,58.92004,815.909380654827,1073.60288825576,171631
0.222395454545528,1135.46735946728,-2948.81363636253,-30.4340615358647,7.07889828557319,27.6213544748263,2973.25778386627,39.7593451468817,58.1258181818182,860.139882696037,1197.90326438935,172196
0.236462121212187,1498.84248284473,-813.725757575469,-28.9178739192776,7.4850307394377404,27.067669306688,2567.67311152877,42.8119550727794,60.716296969697,777.737770913802,962.528803463993,175114
0.186000000000028,3860.69264069109,-7357.99999999918,-26.7467480288425,6.47949240252704,35.3534217274446,3416.43848454636,40.8520522375124,55.8402,926.770272694688,1065.20224917923,175516
0.217718518518581,969.778171523289,-2915.64074073956,-25.9584663289834,6.77579318701771,29.5087506050545,2734.2528042328,41.1851364668069,56.7454814814815,772.16039080233,885.386265742099,175541
0.19499999999999,270.833333333243,-4304.99999999999,-27.8236515358985,6.89996786695276,31.4126976310498,2864.49792444372,46.5174029757492,66.4138,792.529006859931,1023.46809275804,175851
0.223199999999957,0,-3742.00000000072,-33.8558173848946,7.87239883360331,27.8008241264258,2493.23848454636,43.4947482794825,60.6098,759.922593782386,1089.12443993565,175904
0.181960000000048,2898.8889815446,-5784.85999999875,-20.9032292624422,5.63662285190948,31.3628337518246,3428.1581412567,40.6142851049432,55.7058,861.011764092212,980.459827442433,175964
0.22762857142857,4625.03832963374,788.857142857011,-26.6359142570024,5.85264927773093,28.8855466500593,2593.16656365636,49.4068798626173,71.015,755.097636883873,966.384152571106,175966
0.186479999999977,2463.07936507959,-4150.00000000089,-24.2425870960201,6.07413501955862,31.3999214377935,2994.37121871499,40.4249088867647,61.69888,744.729715187887,924.017773699628,176004
0.254807142857247,1047.64437441599,-3014.0976190462,-33.1988306769367,7.31683738926679,28.3253937618876,2593.38879908936,44.5713374934952,60.756630952381,797.739555631058,1055.51521609612,176038
0.264916666666744,1411.06024111825,244.633333333632,-26.7607178463909,6.57388340202788,25.1274519748826,2286.22788761225,46.5437031852478,60.5094333333333,625.04163195939,958.189948531824,176119
0.18626666666672,1433.39272766709,-2322.2166666664,-24.1312780990644,6.46286013557557,30.8490482591626,3190.13722222222,42.5878333736243,65.3961444444444,859.463332243808,1005.39093289806,176244
0.248733333333308,2108.25820356419,105.000000001009,-27.8789907547263,5.71137964253347,24.3936370178783,2273.77640864099,41.0082885163991,59.2170333333333,728.490180921121,999.345714778413,176246
0.219244444444468,5970.74613188679,-4796.11111111068,-21.7282475642614,5.42740906087465,33.5363242529121,3056.71886198525,40.5035783778976,67.2924333333333,700.321169150222,834.573194841846,176296
0.254531818181893,1065.88335142551,338.609090908998,-28.2772942154781,6.66534527220421,24.4231486032935,2296.29606962482,39.6924855245227,59.4290818181818,768.318595074395,982.347535107316,176301
0.187363636363662,4605.72126091004,-2550.13636363594,-22.0941000053571,5.91540681270203,30.2054199074346,2823.36155553858,37.4751356531848,61.99485,698.097630780635,841.257857964509,176400
0.284714814814914,539.520200217265,-3199.45925925788,-35.4244172447718,8.07948818529593,26.5728329834727,2189.6632759837,48.9742359865945,64.1625759259259,735.038398758716,1028.55517223985,176404
0.256428571428511,2075.19983750182,1356.57142857144,-34.9871756288706,6.49697860804237,23.9965386760584,1780.99470358509,48.0225556367221,70.9594,586.783270313223,972.602810171843,176474
0.228999999999938,4863.62319067142,2709.50000000011,-24.3438261963079,5.96601708382187,25.8706131680149,2248.12026228776,42.0552669009101,67.83835,656.837781480125,866.854175510456,176506
0.271810000000101,696.704851377743,-2620.40999999873,-38.8849606870539,7.95183461841727,25.6015785198811,2168.93329720333,54.2812621988164,66.920145,753.023295815453,1162.60091054666,176513
0.195333333333339,1155.93598132373,-1109.33333333338,-29.4923167065705,6.82130232709446,29.957830013146,2581.4578800731,47.07829432251,66.1338666666667,784.531337656324,968.848279434052,176515
0.174100000000058,2149.07360600364,-2653.29999999929,-23.36418970181,6.43092311835475,32.6104034300086,2735.604,47.8981032942367,70.48044,727.410230055595,857.002129430051,176674
0.1948,3863.93388722227,-529.000000000042,-20.8648744870361,6.11331263512573,27.3114350145809,3034.74205266779,36.9911741325132,55.9302,880.830591082677,982.954152883298,176704
0.18692499999989,3273.14490299489,-3566.71875000167,-22.9171655979789,5.57985259087876,31.0013595199101,3286.48694461312,41.2637691148198,59.37135,888.282133310218,1041.76420611177,176785
0.218933333333373,2286.94447709106,-981.499999999856,-28.2286480246162,6.13045479431973,28.5636915617293,2257.15153955865,48.8946820355166,72.3543,641.017645618183,883.655476994095,177591
0.223145454545481,1759.2403156244,-858.045454545393,-30.6392903505782,7.43417144572762,29.8365946545893,2487.34700794456,54.2804451822586,77.0230363636364,751.537283455364,1034.77194972215,177606
0.196000000000002,489.111111111165,-459.999999999788,-24.9011258892236,6.11117263110824,26.6779456820896,2436.16761904762,38.783535552998,56.2918,719.761812788752,868.960638826113,186112
0.249044444444534,229.074074073993,-5593.5222222199,-37.7889415882549,8.47776602862114,29.2753081639554,2505.20392709005,46.4989147164648,54.2827111111111,784.026795888384,1060.57645427749,188487
0.264333333333415,899.999999999699,-3841.66666666526,-30.8787371998522,7.10010067984689,28.3151261683437,2529.32209737828,41.8090178333612,54.7138333333333,712.611728361138,966.830804864038,190555
0.254492592592655,3112.27300436095,-178.298148147535,-27.2582277580695,6.81653406641234,25.8669270174732,2205.05995017947,42.3233337217649,61.284187037037,675.840075340936,848.141694527563,196079
0.213799999999969,686.995979922996,-1919.80952380995,-30.9276488856652,7.11188225311043,28.8475759534954,2263.14428203109,45.630475540241,61.6173666666667,651.669692378854,904.592939969909,196080
0.24408444444451,1134.73420251194,-2011.26888888811,-31.9544344813947,7.45750250289916,27.6388238153895,2592.96710494827,46.9038084127736,62.602290000000004,828.932858610481,1088.65792207104,196208
0.18184999999999,2683.82414122601,-5418.60833333295,-22.8205276043331,6.14022811859751,35.3149044059889,3234.92377118574,44.081463600274,69.3076316666667,760.398340510527,894.335561137079,196320
0.24455000000011,199.166666666433,-5523.46666666428,-38.9638284719365,9.19126888758134,34.0184718184607,2795.00971377625,60.2540802216067,74.6009666666667,818.558886230195,1147.30414183162,196331
0.217436363636358,1104.16127443783,-1212.690909091,-27.3607758774995,6.71819598315968,26.9135483215923,2584.70834681554,40.3231840605683,59.0226363636364,774.681434763971,986.839017598237,196356
0.211363636363664,1012.27285250502,-1676.96363636334,-27.0996757647291,6.23179947750531,26.1951278670205,2733.86373301446,42.1381342078416,58.2528727272727,860.817026503265,1119.11349162893,196364
0.251666666666685,223.076923076849,-3862.22222222188,-31.0787129227624,7.2233918511593,27.6870500201394,2304.58552865191,41.4796070116952,53.3974444444444,680.618023097086,893.752781636094,196447
0.202412500000054,7498.60524042437,4302.62499999939,-22.1842511915155,5.83392514307484,25.2462680504554,2213.24899372673,43.2056574312577,66.422775,677.11406907236,817.654802886549,196487
0.249312820512909,53.0769230769073,-6380.86666666451,-36.9578065240391,8.57871721128356,28.9193536967549,2746.59622998218,44.3723931640118,54.1908923076923,855.960060759316,1180.83626805075,196488
0.202045000000017,1720.35087999118,-1408.54499999994,-27.1974320471117,6.53524615815532,28.9289781439494,2562.67781330185,43.7878659834299,64.270385,740.705808667189,933.594360457514,196522
0.214072727272807,541.341882637885,-3015.65454545306,-30.0609742285992,7.94460002671141,27.8066410279072,2359.93186462449,47.5304432934894,59.1340181818182,768.878743227799,943.940796474183,196986
0.215418181818268,2479.77482074397,936.50909090895,-26.6039379024477,6.56622559263674,26.0626641888497,2386.26363636364,45.7197612677634,67.2216181818182,802.87909233593,1005.29606623077,197003
0.198639999999929,3077.45038459208,-585.400000000379,-21.7804597763985,5.91151286804388,28.7766696753488,2024.9213519308,44.8708076008109,64.03012,548.945487528086,665.872944376708,197037
0.217964583333404,2271.65062736421,-1684.46249999932,-27.6728602056903,6.70786460589725,28.3763553386445,2475.43782200263,44.0756306355292,60.4918729166667,732.234142949636,915.789938027246,197038
0.225483333333268,455.042121796585,-6614.36111111261,-31.2247123328633,8.34951284772032,31.6908930021358,3473.7832725663,38.1731018957512,55.3711194444444,902.247708595761,1128.30730970417,197039
0.175359999999986,2802.38871259565,-3823.60000000104,-24.8032213188733,6.61022220457089,33.269838652322,3063.62091533487,46.1536400039679,69.45224,766.060832690631,929.95306783142,197050
0.186240000000043,2176.31989994701,-3545.0633333327,-25.0489166563868,6.36522117520043,31.382429116428,2842.98825608725,42.4672973868054,61.6041466666667,767.438588358352,899.848869886016,197098
0.176847619047587,1705.57335799841,-4670.38095238325,-22.5432443764112,5.6832855708679,30.9941256633776,2989.23454566577,37.034198474443,55.931380952381,757.545770293926,836.212772426086,197101
0.255620000000061,1147.97716936316,-2226.27999999934,-32.9219774567558,7.25625733477307,24.9064634531657,2779.234,40.2368320497688,54.10066,958.807748403955,1272.8606031174,197158
0.214962500000064,485.594654329474,-1336.24999999949,-31.0920362419529,6.8257382353549,27.969200925813,2352.07221955064,49.5498535960042,67.8605375,742.754836963816,999.859800584266,197392
0.18971428571425,3803.92535802203,-5724.57142857312,-22.8207064854472,6.66935803336405,36.8002364733697,2936.306186793,49.696704896235,76.6109428571429,684.432310537833,805.329401179135,197420
0.201833333333374,3720.66167253123,-1064.79999999967,-24.0521533499289,6.45747509666058,29.1279931762572,2504.89842421279,42.1796846867209,62.4838,687.474168241273,810.733392329967,197451
0.187091666666723,4978.01941440964,-1989.35416666594,-21.7169863489071,6.02601456357334,34.4622869408648,2749.92642014256,44.1796695726568,78.2150583333333,695.699405191064,787.436554094746,197463
0.162120000000015,2777.40686766691,-5187.7399999995,-21.2383827440521,5.8244104256678,35.9426304845114,2847.16025711421,42.4787033379703,70.48456,669.95273554602,748.826464061799,197661
0.206800000000006,893.369093959127,-2004.03333333317,-28.8370518466156,7.40465957383177,28.2945413856045,2445.18427859292,44.7332382802115,62.0274,725.262016873272,924.110730879658,197663
0.24160000000002,0,-4968.66666666657,-33.5763071204334,8.031719651912,26.9451763719767,2428.42532193357,35.2444790121712,53.6651333333333,672.097336057489,1000.22386716103,197680
0.178266666666696,589.126984126916,-2354.66666666625,-25.1841466627406,6.69062406764089,31.801662899412,2563.41341305486,46.0357820498583,72.4494666666667,656.980336904929,868.061370200934,197733
0.215765384615438,1023.15827281487,-3944.67307692168,-37.5744122486908,8.66467979389483,32.2355112032362,2815.68983827849,60.8372458651073,78.0654307692308,870.426679801713,1250.75366878462,197737
0.196800000000028,718.398268398569,-3257.99999999945,-25.9472125362966,6.37892860140702,32.4571386945186,2902.63848454636,45.5094264555123,68.02,780.48236341046,950.401460506086,208314
0.190644444444491,3372.20024459402,-1370.07777777732,-29.7154529570549,7.54457830610946,33.2653976502663,2869.26885111537,59.659419947972,84.2087111111111,827.763088880492,1120.17890997768,209984
0.227466666666605,1263.87310606103,-2014.666666667,-28.2353430726881,7.09658114504697,26.7768785278243,2781.69198860023,37.9720025766516,56.7808,806.092977955026,1059.00112272934,209987
0.270923076923126,1261.16614652179,-2057.6307692301302,-31.3999200054774,6.88539865338003,24.7710674960951,2667.12556572912,38.4206159531429,50.4309846153846,851.529376222519,1123.1926335684,210013
0.21120000000001601,2194.48539886029,-489.333333333169,-25.0412722723657,6.07004104558744,26.2475848605945,2597.07601903942,42.0291117481701,57.5344,829.456134238843,963.308982671605,210177
0.172372727272772,3860.0425386095,-4014.43636363532,-22.5328051850404,5.79524377386232,35.7179716129909,2719.089666971,50.673583457436,76.4243515151515,712.408535739422,778.017409352388,211070
0.231600000000152,1365.13674614215,-3542.49999999727,-28.8140149050639,7.11771417153883,32.0396274948605,2732.9802253116,47.0011159870649,64.384,742.930517827678,910.442694517651,211089
0.229900000000017,341.351411484446,-1588.49999999983,-30.0049667867211,6.9082970680721,25.0909449298825,2146.09823522195,44.5716471617881,56.9222,734.932322441484,956.716951907673,211798
0.246760000000007,2260.16668565328,-1311.20000000012,-30.5082055814926,6.73460659905799,28.8367603842867,2326.27216036417,50.6274043140309,70.68324,691.953524984683,963.468023552219,211802
0.268799999999939,729.166666666833,-3352.00000000089,-32.1418565151819,7.32761102878535,26.3854862062256,2264.09663976302,36.2319432894936,47.9964666666667,672.984501561974,898.102774541676,211803
0.204783333333351,3613.01036155198,-1669.77777777748,-21.7103209103087,5.61945054343709,28.7501753082798,2232.86124085346,36.0539301184299,59.7117888888889,559.73107382104,691.811448256826,211834
0.198299999999949,950.803661616617,-2556.50000000042,-26.3805538821394,6.89456277323147,30.7325115143839,2400.04914143801,45.5798994940407,63.7294,658.380264991184,814.225878760152,212486
0.258150000000084,4678.971810251,5076.75624999858,-27.2375454090374,6.17567999598765,22.0246625504503,1933.63807389386,42.5183292525193,69.03485,707.933886503205,906.112477970331,212518
0.251600000000021,4165.16364853905,1267.33333333354,-25.8395385021746,5.5283046806481,25.486892797509,2872.81083000387,33.9196005971726,55.9281333333333,848.795558925631,1066.89662769543,212527
0.259317647058905,3043.64506534278,1066.89411764691,-26.6765942872079,5.84438270199406,26.3474217062515,2413.0399036418,44.1958588575826,66.5100117647059,730.621324271428,971.065218303868,212593
0.180985714285702,2398.01303854981,-10706.3571428619,-22.2576307544974,6.07780991842276,39.1254337356569,3526.11640737056,46.8180083196172,69.0192357142857,762.560668415447,854.327172510017,212631
0.178666666666669,3223.94392644405,-4652.00000000018,-20.9893532413324,5.65840085921158,32.5856277134926,3347.49663976302,38.6397700640028,63.6066666666667,782.849046651083,916.597462896076,212632
0.208504166666636,2182.92124061239,72.3666666666782,-25.0672938823389,6.68799467542947,28.0844108595075,2694.44753992793,44.005659421596,64.5640916666667,793.346761456692,992.53868223972,212655
0.221733333333308,2909.84943977636,-1946.66666666697,-24.868182292827,6.66633843030043,31.849479166324,2159.61341305486,47.8472010601627,71.5049333333333,563.297257368299,685.884087616744,212679
0.203862500000047,2511.91909094887,-1894.68697916604,-26.6875852354737,6.16633466095576,29.0466129323282,3009.04314600669,41.5238301084012,61.7469416666667,833.007641495537,1063.73939232549,212757
0.211799999999994,1996.34658720414,-1756.00000000015,-23.2202640801555,5.96239836673802,29.7289050646353,2725.38858670061,42.1120351461251,66.7987,700.553997741313,897.6853614509,212891
0.220733333333434,610.669191918888,-1039.16666666622,-26.5682348764597,6.31903101835794,30.1216821244218,2131.49759984278,49.5999926479649,74.6342333333333,627.676246422726,822.254924642004,212897
0.194800000000034,2679.76851851847,-2364.66666666625,-24.9872011690906,6.59691751779549,28.5753602629697,2991.81413984086,38.5852124011741,59.0472,827.468802249584,1009.81454141421,212927
0.199333333333311,3565.54191836027,410.66666666677,-23.8219573193007,6.36103567695553,28.5474554231296,2550.9441633372,43.1868848471585,70.5404,715.854123670457,903.084219342716,212934
0.198114285714252,1730.68467957837,-1415.3571428578,-24.3595173047857,6.05393315450939,30.0089476319207,2559.16330395965,52.4108283739862,74.1224,692.216193379664,904.664175079223,212951
0.272266666666657,587.529085408243,-968.666666666767,-34.2831166605723,7.95947522681193,24.4518977243617,2439.81083000387,42.9121025141654,57.665,787.616456689013,1122.27367603946,212958
0.217333333333361,689.444444444594,-1157.99999999969,-26.0601747134769,6.58741010622689,26.6800699352565,2378.36884153927,39.4547680566765,60.7114,693.440672055505,909.320456795664,213317
0.213333333333345,675.396825397027,-4033.99999999947,-31.6876361140483,7.32377268047497,34.0433703516438,2648.11794571212,56.5919216205194,75.3506,699.452230946239,955.711472229655,213318
0.276628571428597,21.1342426417855,-5135.07142857072,-39.7099985616181,8.60935371540916,26.8855475365467,2523.21081572447,47.3823600128961,56.8516,854.015213481704,1231.54011833598,215328
0.25932500000009,1089.83136440828,-2883.27499999892,-27.9570392116104,6.21594999181278,27.5395160104265,2492.62,45.7705898033384,57.8669,765.231864983337,970.612830473229,216650
0.248223809523867,752.544186068441,-3012.7464285704,-34.0630033120093,8.03939278914071,27.3744218772848,2369.66466253118,46.7562899051976,59.3306369047619,766.028139358039,1075.34624111655,216752
0.201233333333319,2049.81893106883,-2280.75000000044,-26.4081923101369,5.92786474751094,30.4436931534725,3013.28026530204,50.1557069006825,69.0644666666667,868.596662217302,1069.89006667729,220489
0.197177777777778,3518.39268001787,1024.11111111171,-26.2096638597603,7.02847880923104,30.0050042592222,2448.75482091521,44.0958142024181,77.3562,705.435307435931,893.370714561357,220492
0.163263333333352,4513.62078840593,-9781.7066666655,-21.4436874250114,6.19540331614626,39.9046684865845,3348.73037314545,41.0663353036105,69.2607033333333,705.335592702777,809.49799433096,224973
0.202079999999992,730.238095238152,-2576.40000000025,-27.1536622357788,6.94102031730259,27.7188599328382,2507.65013676916,41.2659713206969,54.46464,708.27334470383,906.564844918597,232408
0.21478333333337,638.005804311815,-2750.66666666569,-28.8691221429055,7.25541867907028,29.2402763501575,2173.67497715532,40.5429078115157,58.607725,589.598763091397,776.185318719451,234202
0.176028571428554,3429.40425354331,-6780.85714285864,-19.6225025584383,5.48682978501239,34.366316904114,3056.95651074716,36.7759356768635,61.3858857142857,662.903024294461,762.841670975281,234205
0.31681666666675,750.947121409711,-2001.31666666607,-36.1464535894842,7.56123017591612,22.5337822226606,2272.04038871753,47.1232802863462,60.4071333333333,811.407104003789,1247.2388096996,234520
0.245066666666652,863.438493191313,-4.66666666681137,-27.3617553103499,6.24555079174465,24.1531292490661,1954.23310580637,41.2779550469958,60.197,631.499344129117,810.569326483352,235110
0.269627272727327,1355.28042970664,-2484.49999999932,-34.1149654874153,7.66332883881058,28.082369744189698,2477.74850286056,58.0193553066867,78.4341727272727,841.461344560391,1181.40288481187,235206
0.211999999999939,959.195463958013,-1470.90000000026,-26.0992061675895,6.29897777744011,27.9591755726731,2650.09863538455,44.2988494495505,65.44628,806.385875694679,981.533106080434,235408
0.156799999999977,4595.88624338703,-5663.33333333452,-17.8407563252799,4.81784064533511,34.3578635532862,2920.01083000387,38.353415883996,67.941,635.045206644743,699.364626100081,239381
0.266400000000009,1920.23761814879,-445.999999999895,-28.6743875197175,6.44295970262613,24.4991812344403,2287.18863878813,37.6982009086653,54.5304,740.75749773432,954.101039701552,239394
0.189999999999974,327.77777777775,-3970.00000000071,-26.132719357595,7.00458880374792,31.0398371614843,2825.5586552669,45.1349758696637,61.683,720.510646188882,941.83899162002,240750
0.236000000000029,923.863636363938,-2378.49999999998,-37.5932616877687,8.47614017625627,27.763372967063,2159.56222222222,48.9128243379972,64.6618,746.094602765867,1037.18136903905,240846
0.175466666666657,3099.73304473338,-8068.66666666769,-18.902116026493,5.39653327684568,36.7699323215715,3188.51794571212,40.2209616211632,66.1705333333333,678.736235366486,736.340445329565,242518
0.123699999999974,9382.83549783728,-24165.7500000045,-17.250533732053,5.42015163628563,52.0325754865492,4581.75289764174,53.7994044830957,92.661,796.840164965212,847.123359851707,248375
0.213733333333301,3053.3744891578,-2510.00000000014,-21.4860636817424,5.6710814610722,30.4668717433047,2069.70629734661,37.515862596325,62.9433333333333,502.841124387169,596.702717217549,251582
0.210666666666675,2064.80185837274,1660.66666666655,-24.8127199194047,6.11814734167412,24.4819025946636,2437.06138701948,40.469331376837,59.7497333333333,775.539260905497,980.158236204791,251897
0.255799999999984,1288.37515775543,-954.500000001466,-31.3826329776799,7.12757863153624,26.8374519540161,2535.98920965452,41.9052128976235,60.2704,742.774739061041,1042.60605976837,252073
0.265822222222227,1162.90399457365,-195.555555555566,-34.7031851767122,9.14474967527512,29.4871842267298,2016.86955115436,44.3631707221183,88.3182,648.681288542631,971.658335829327,252380
0.24183999999996,2091.60850297661,-1618.40000000032,-25.6035363887679,6.31167278007856,27.3281606200605,2154.54764019646,42.4175956501344,60.7572866666667,602.343656759112,805.92402327493,252381
0.196244444444481,6974.41813703465,-1020.33333333467,-19.5189059954961,5.37389242604652,32.1378266340706,2970.46658635096,47.7558453052603,77.5588833333333,733.067031560781,901.992996025279,252382
0.185599999999903,0,-6209.50000000338,-32.0378886562279,7.26855112406677,34.4291311806134,2777.8387568103,49.2219789791982,63.5194,760.049511570419,967.40510192666,254302
0.199199999999974,6382.16754874893,-2143.14285714423,-21.6195947136362,5.26642927204136,32.066977769546,2794.56613215652,46.0977133794847,75.3387428571429,669.817176522488,842.571692135245,254797
0.194342857142791,3063.88764474808,-96.0000000007294,-18.6900402531419,4.91723745795789,25.5673062832652,2280.0333508095,31.1833327697355,54.7533428571429,601.786670336353,716.358502663623,258680
0.190900000000007,6053.29847316333,1648.2699999991,-24.5881334864101,5.56633708864349,27.1324845144271,2400.46288970193,41.4028028952403,68.541725,719.663450666142,904.14454099755994,258768
0.177879999999975,9670.30192030241,-5193.60000000002,-18.0537606020719,5.64007630981588,32.233344888955,2731.11897735668,38.5051296628077,66.31528,617.144248872969,684.63557361833,258796
0.18122222222221,1450.65656565629,-3720.77777777818,-26.6435964994555,6.6417333035344,34.2211139894006,2292.03305222609,42.7928046169104,63.3105222222222,553.68457413763,707.52089764478,258818
0.217685714285669,8549.25692982334,424.285714286303,-20.8504623638931,5.5458289149616,26.8147444068902,2533.045430032,36.7009953589862,56.0858,680.479865079362,783.070145053372,258844
0.237033333333336,1991.23575866101,-2515.66666666663,-25.5935684121567,6.34679137228258,28.5169534647678,2219.93094387519,40.4670268140844,58.6051,607.148111243085,758.487538016996,258935
0.220966666666645,6109.45133264287,-415.000000000362,-23.0553492123853,5.79587734392045,28.4607307188263,2068.72900535649,38.628451555453,61.7099,555.30998344752,675.964030348279,259003
0.151977777777777,10564.7353389805,-15384.0000000016,-15.5256009060131,5.1581911040951,40.3118519291157,3661.77019260459,37.1722048914949,68.6524277777778,678.618124354443,709.942028095641,259352
0.218914285714295,2571.87885185363,623.714285714404,-26.2457577917208,6.22891961812194,27.2002214716362,2524.00673407029,40.9977790565029,62.0213714285714,774.57953970063,929.726786787806,259539
0.212211111111103,2278.4203279953,-501.416666666597,-25.0787335285451,6.62432547146584,29.0256836590877,2488.13740675821,48.3619139816904,72.1661888888889,713.199310824323,933.413337316395,260136
0.272633333333273,1427.65618940449,-1320.3333333334,-30.1238529420129,7.05394249772627,27.7893065266016,2407.6702622183,46.473661230628,67.5064,701.514747096115,955.000903922563,260143
0.248377777777727,697.202256927459,-1366.77777777791,-29.5900723793726,6.54294526458045,23.7496772414488,2337.60481878078,37.0115283793721,55.7844777777778,751.27727419841,1038.78536846282,260144
0.169293939393946,3240.96382153241,-6497.86363636329,-24.7401013331972,6.5103860143307,34.4589483882855,3297.9471561929,44.1560077172911,65.2552515151515,807.418696708722,968.109954387879,260505
0.195666666666667,6354.64625160816,-4371.19999999954,-21.4816886911339,5.8058770040457,31.8542731946936,3249.70729953321,37.1910042395562,62.7397266666667,770.911522412939,887.128317881501,260601
0.265388888888907,1901.37400224353,-877.666666666851,-28.7881413306634,6.37831270184738,27.1245252907654,2042.76816559243,40.6567868536234,60.4621444444444,595.988210494016,804.130920461767,260755
0.13033333333303,6688.88888890448,-17766.6666667081,-13.920334292123,4.7953658126478,41.8477554516649,3064.51113172542,31.7330118465187,70.1445,504.806962212142,512.294123336457,264764
0.140000000000017,2362.56313131735,-10994.9999999997,-19.1892345875448,5.97370503595317,44.0931041186804,2587.0662613034,36.7817204329261,63.669,482.340272386163,505.528942933709,264776
0.200285714286125,2751.2615692435,248.571428570272,-22.7205455433963,5.64855180364314,28.1471664386944,2021.485742106,39.1399512426277,63.8534285714286,569.436819038615,701.97231678298,264781
0.19998333333335,327.183600713332,-3954.83333333313,-28.0489499145713,6.76666686368885,28.4550620120627,2711.24375756315,37.2993756899641,50.5315833333333,761.094707510071,944.557694334426,265930
0.242799999999934,6996.34007216365,1470.33333333259,-22.1553059796717,5.56957056441307,26.9326836920256,2022.21592989189,43.3889672148191,67.2074666666667,559.496955748987,696.924399117067,266438
0.20359999999999,2729.49834750284,460.666666666553,-24.0796347889918,5.63798298232622,24.2281039001075,1990.16330642969,39.005558108992,60.5116666666667,611.971596711698,893.014115078269,266441
0.216799999999975,3166.0843353067,-1757.00000000071,-24.6440491435289,5.93268091663575,28.3789947246227,2705.35365161043,34.772088595548,56.37655,696.669340447894,887.696090735126,276722
