player_id,position,test_date,concentric_peak_force,concentric_mean_power_bm,countermovement_depth,rsi_modified
2993,Pivot,2021-02-21,294.906177022072,34.265,-31.0318245139585,63.6954730547653
2993,Pivot,2021-02-23,281.650180481144,31.5592,-31.3578262710881,60.4346469798809
2993,Pivot,2021-02-26,280.992719142992,30.7928,-32.0625052586578,63.3669721582731
2993,Pivot,2021-03-06,279.201661370193,29.3046,-31.7089176535272,57.8807971397209
2993,Pivot,2021-03-10,270.922395940017,30.2782,-29.2103122544666,60.0185495311018
2993,Pivot,2021-03-25,278.25836855919,32.7238,-26.5546963719713,67.5875221678252
2993,Pivot,2021-05-17,274.565298766678,30.4971666666667,-25.6449613161561,53.847266734951
2993,Pivot,2021-06-29,270.06842629381,35.0605,-23.1911790565395,75.2092910332645
2993,Pivot,2021-07-21,279.415740384907,37.71225,-22.3753509661626,83.4214321326657
3045,Base,2021-04-08,282.801006467036,33.882,-30.4342385755076,68.6607378559102
3045,Base,2021-04-16,286.786988815095,32.6978,-31.682911906288,61.9260101107281
3045,Base,2021-04-19,284.979098610092,34.9848,-30.3126664141353,73.8776905951533
3045,Base,2021-04-22,274.312006930043,32.9612,-35.9243007860854,69.3766246867232
3045,Base,2021-04-25,268.10057614509,32.2806,-32.4604375939179,64.3610359823718
3045,Base,2021-05-05,271.092391128089,33.7778,-33.4663504958896,73.3496611236127
3045,Base,2021-05-08,271.001191162181,33.2514,-33.6140798175242,70.1085227899955
3045,Base,2021-05-22,277.674704428191,36.4594,-33.6791451442798,76.7031450100098
3045,Base,2021-05-28,272.78785508515,32.7585,-32.988183905704,67.1630182636427
3045,Base,2021-09-16,273.678810495993,34.314,-31.9395185048336,71.0421083613795
3185,Alero,2021-04-08,281.903299965069,38.536,-23.8470668484949,76.6729787002593
3185,Alero,2021-04-19,262.800487228066,36.7342,-19.6026141708613,71.8319659441913
3185,Alero,2021-04-22,261.112656940019,37.6064,-19.591613205793,66.6029216870079
3185,Alero,2021-04-25,278.345988881921,38.2008,-23.5582968392655,74.0770128821905
3185,Alero,2021-05-08,263.722752352088,37.4976,-19.9317497103166,73.9651315229939
3185,Alero,2021-05-22,270.391805494134,40.487,-19.8869109709118,79.3720165601169
3185,Alero,2021-06-18,276.166383393874,37.2929473684211,-23.1232070670796,68.5546837402129
3185,Alero,2021-07-13,287.557181440019,40.8964,-22.2682561731104,81.5527383491576
3185,Alero,2021-08-19,279.284356999993,40.6304,-21.677306958987,78.7751048136359
3194,Alero,2021-04-05,293.554363691094,37.0522,-33.2375051579527,75.5213806205074
3194,Alero,2021-04-21,286.236651163095,35.151,-30.7720470386642,71.1506435524677
3194,Alero,2021-05-27,295.454554398728,37.7626,-31.0173415050407,76.6482258552823
3194,Alero,2021-06-03,285.09436395835,34.2072,-33.6158116833785,68.2384283074334
3194,Alero,2021-06-09,291.606503300201,36.2036,-32.1221127022526,81.0101205365361
3194,Alero,2021-06-15,296.593047400111,37.6376,-30.6339101801683,80.5515666690239
3194,Alero,2021-11-13,290.038012456595,37.562,-32.6756173687511,77.7107281402969
4317,Pivot,2021-02-18,291.380263745172,37.332,-36.9011322586345,64.7150242180115
4317,Pivot,2021-02-22,282.535429149068,35.3376,-35.671437254798,67.5214429709296
4317,Pivot,2021-02-25,280.755661477018,34.9674,-37.5450042600118,68.7781970718479
4317,Pivot,2021-03-01,285.155362436195,37.9402,-35.8127416476168,79.0959678908693
4317,Pivot,2021-03-06,282.474295440019,36.4272,-38.2787211226449,73.6456388883531
4317,Pivot,2021-03-11,290.996969467071,39.0362,-35.3134811294727,82.0590960503621
4317,Pivot,2021-03-16,291.061162273067,40.0236,-34.2453157132165,81.100830514747
4317,Pivot,2021-03-21,283.122430075019,39.0022,-33.9003218628467,78.704906939678
4317,Pivot,2021-04-22,289.606632063122,41.5404,-28.297656207935,86.5052750508266
4317,Pivot,2021-04-29,291.189821600116,44.3544,-26.284666034405902,98.0504195290457
4317,Pivot,2021-05-05,289.153675907785,42.7346,-26.0976289244669,91.8429214934657
4317,Pivot,2021-05-08,291.216618100034,43.102,-27.618108436667,95.9867317334831
4317,Pivot,2021-05-11,292.12279127202,43.5944,-25.8266075488953,95.8035756952638
4317,Pivot,2021-05-13,295.985958930098,44.7278,-26.8679371384006,97.0199561526474
4317,Pivot,2021-05-16,296.828364762433,44.798,-24.7073019765473,94.0008747516057
4317,Pivot,2021-06-11,281.344789723877,40.1148,-25.2354490776519,86.0106588259363
4317,Pivot,2021-06-29,295.481108342046,44.719,-26.8940645063737,96.1754551617817
4317,Pivot,2021-07-11,297.622014302016,43.5574,-28.0556323150004,92.7981879146606
4317,Pivot,2021-07-18,290.578609536432,43.0474,-26.6141478152996,95.1258851179068
4317,Pivot,2021-09-22,296.743354344189,41.2976,-26.9653931945385,91.0676990787373
5295,Base,2021-02-24,293.61187528607,33.3872,-33.6615826563518,61.5198919357579
5295,Base,2021-03-23,300.297988646098,36.2138,-32.7666056865208,68.7941546489377
5295,Base,2021-04-05,310.783769267102,38.0158,-32.4022896850919,72.2269211939841
5295,Base,2021-04-24,301.86600074507,37.5086,-28.7758102441915,72.8697699654401
5295,Base,2021-05-01,313.55877433953,40.7638,-27.1116992914994,77.4602673692032
5295,Base,2021-05-22,297.76435937662,39.3762,-24.0987472778967,76.9404653696767
5295,Base,2021-06-09,305.832119765123,39.7726,-23.787235835867,77.5322032742662
5295,Base,2021-06-17,306.715970099001,42.3636,-22.8404107252353,85.8092178720424
5295,Base,2021-06-25,312.047902334815,40.382,-25.9027104048876,77.5118004957288
5295,Base,2021-07-11,309.445470876297,40.293909090909096,-27.1730266339697,80.0404538572805
5295,Base,2021-08-07,296.279959696,36.936,-32.5579932168227,76.3262011325668
5295,Base,2021-08-20,298.405212952098,38.0186,-28.4059828834426,76.9306417987686
5295,Base,2021-08-23,307.209448293823,37.4433333333333,-31.9742117485243,74.3084356353692
5503,Base,2021-05-25,249.670788256036,31.7544,-21.745698117302,56.261378080974
5503,Base,2021-07-20,255.652981959842,33.79175,-24.5852374172287,71.7253875294048
5503,Base,2021-09-11,255.907388251832,34.4735454545455,-28.0734207680243,72.4379256769526
5749,Alero,2021-02-24,211.666776651127,26.2998,-33.5591708902552,42.6933692250164
5749,Alero,2021-03-23,214.033393588071,25.7512,-34.4180599916073,37.8311685187351
5749,Alero,2021-04-05,220.873399674113,27.0518,-31.2530392473494,44.7094361695719
5749,Alero,2021-04-18,227.757776555073,30.6602,-30.4178463977503,55.5667381992252
7380,Alero,2021-02-20,262.241679651178,34.6582,-34.3816466354182,75.6680518260978
7380,Alero,2021-02-22,260.256180422063,34.1318,-32.3382011746603,69.324844572415
7380,Alero,2021-02-25,262.813058912644,33.62475,-31.9150147567927,75.0656572070411
7380,Alero,2021-03-01,258.228230246176,32.7122,-34.9083567977092,67.7859528629164
7380,Alero,2021-03-05,254.384757024152,32.4478,-33.5175991237217,68.0322271116957
7380,Alero,2021-03-10,257.569096488108,33.1322,-33.5258938432387,69.1276587598278
7380,Alero,2021-03-23,263.796753909954,34.0418,-31.2603688016949,72.562545146759
7380,Alero,2021-04-17,264.467055752182,31.1018,-34.0604620350729,61.9777232906726
7380,Alero,2021-06-15,268.611284748144,35.6872,-28.2555540345855,73.7453619195126
9012,Alero,2021-02-18,290.500646135995,33.6956,-32.8583663849303,71.4925679947536
9012,Alero,2021-02-22,285.514304533894,32.946,-30.6416834698845,68.90055498767
9012,Alero,2021-03-11,286.785478456071,35.3162,-29.8163658852734,77.1884746075953
9012,Alero,2021-03-16,278.898010655021,33.4276,-28.9056721074557,68.4759736859333
9012,Alero,2021-03-20,296.946618200206,34.977,-31.7526144420582,74.8189440217766
9012,Alero,2021-03-24,285.520346050122,33.3294,-30.8364641892749,71.6875085216835
9012,Alero,2021-04-06,281.920839785902,36.1222,-29.3190515678,80.9728439888125
9012,Alero,2021-04-13,285.387815638066,36.4952,-28.8609125980765,81.4872124861926
9012,Alero,2021-04-25,287.649174226121,37.9936,-28.0036175704013,83.7667075666954
9497,Pivot,2021-01-04,258.450752074177,34.168,-33.095306243041,77.3162408698265
9497,Pivot,2021-03-05,268.359967497978,35.2344,-39.2928654838055,71.5341510413059
9497,Pivot,2021-03-06,271.726913683943,40.2368,-28.7092905024551,89.4533125815862
9497,Pivot,2021-03-07,274.62283960075,39.0518,-31.5219840101744,86.1449056451981
9497,Pivot,2021-03-09,282.988314000283,41.1745,-32.2016840743948,92.125421547254
9497,Pivot,2021-03-10,275.388159545238,39.7906,-31.9255310392207,87.4944563457195
9497,Pivot,2021-03-11,281.011688330192,41.3276,-32.91783325032,89.973518793218
9497,Pivot,2021-03-13,274.347787991044,39.7822,-30.6240827963509,84.438256525014907
9497,Pivot,2021-03-14,277.945927639898,41.321,-31.5656650930765,90.2134415596291
9497,Pivot,2021-03-15,276.544850771849,38.2364,-33.4436238028543,77.3397611712378
9497,Pivot,2021-03-16,277.44132949985,39.7235,-30.6246910284889,87.7609708904895
9497,Pivot,2021-03-17,280.503221852797,39.8814,-33.143412685649,81.862414593161
9497,Pivot,2021-03-19,288.685895373429,41.6223333333333,-33.1977149079487,93.5599303787411
9497,Pivot,2021-03-20,281.901689797645,40.7182,-34.2236874559348,90.8031934820681
9497,Pivot,2021-03-21,280.385190671191,39.7644,-32.5623250083497,88.1831645223822
9497,Pivot,2021-03-22,274.55972745009,37.713,-35.199753147096,82.0767828447591
9497,Pivot,2021-03-23,280.46553795221803,39.849,-34.3186301830138,90.2720208460117
9497,Pivot,2021-03-24,277.18491811244,39.954875,-34.2252668349266,87.4395615842812
9497,Pivot,2021-04-22,270.350326102852,39.639,-32.1026237899008,89.9302255361844
9497,Pivot,2021-04-24,282.942924355344,40.70325,-34.2381526697746,91.468566789741
9497,Pivot,2021-04-25,278.379779874967,40.958,-33.5033303672788,94.4737497073586
9497,Pivot,2021-04-26,267.537355539971,36.935,-31.3888394210829,78.6279114830117
9497,Pivot,2021-04-27,274.034635372594,39.4775,-32.4627593385517,86.4482407287525
9497,Pivot,2021-04-29,278.802025671037,41.916,-28.3506966741149,101.373106242732
9497,Pivot,2021-04-30,282.825992318589,44.1915,-27.6488866513705,107.91322440481
9497,Pivot,2021-05-01,269.167910234053,40.8925,-28.6931185071915,96.6926005525559
9497,Pivot,2021-05-02,277.007738794915,42.3602,-28.3468995343536,99.8207568780239
9497,Pivot,2021-05-04,277.419902554143,42.8656,-29.139049547366,101.298203706889
9497,Pivot,2021-05-06,269.918571555346,43.797,-27.4981589120735,105.659186459984
9497,Pivot,2021-05-07,275.411022893852,42.7212,-27.5676891030643,102.155220056537
9497,Pivot,2021-05-08,272.053206621657,43.9324,-25.7066378195164,105.094414042329
9497,Pivot,2021-05-10,279.70930407979,45.10475,-23.2911936599615,112.62887178512
9497,Pivot,2021-05-11,285.605304683654,48.45625,-23.1819077691509,120.683800603672
9497,Pivot,2021-05-12,266.945792597043,43.6986,-23.2576064213164,108.673139623735
9497,Pivot,2021-05-13,268.088486730095,46.2024,-23.397420470688,116.814895776092
9497,Pivot,2021-05-14,268.095652326079,43.6808,-25.3608438582062,111.414440170265
9497,Pivot,2021-05-16,269.668581154903,45.18125,-25.8189757673659,118.523965402838
9497,Pivot,2021-05-20,269.685148013652,42.3495,-27.0762184809652,107.225762635872
9497,Pivot,2021-05-21,268.698303610301,41.63425,-30.8694002223116,101.793956216972
9497,Pivot,2021-05-22,278.587464493009,44.33575,-26.7408579831189,105.626401004756
9497,Pivot,2021-06-20,279.772595387651,47.6432,-21.7911897790643,113.337006754295
9497,Pivot,2021-07-08,280.199728629847,45.5296,-24.1668550978783,110.032605596298
9497,Pivot,2021-07-17,273.262509123074,45.18625,-25.2004442575682,107.107311139385
9497,Pivot,2021-07-18,277.932816786911,43.88025,-24.9159883564722,105.841347826949
9556,Alero,2021-05-19,240.543763713998,38.054,-21.3241158747426,62.1392029265915
9556,Alero,2021-05-31,240.250733532062,35.8206,-26.0714823289506,73.1678187323665
9556,Alero,2021-06-09,237.90195667262,40.035,-20.9760640789602,85.8687799364315
9556,Alero,2021-06-17,246.81640411,40.5452,-23.1803679789962,85.7157346105023
9556,Alero,2021-07-17,235.671005419095,35.9882,-25.5302368730446,75.6235226458854
9556,Alero,2021-08-01,232.0048017424,35.3052,-28.1501349165591,77.2738778838244
10143,Alero,2021-09-05,242.547369360212,27.9346,-37.9739218915164,48.3195014045589
10685,Pivot,2021-02-18,262.918259035078,24.9614,-40.3777440688203,42.6513015279136
10685,Pivot,2021-02-23,264.098290400086,24.6578,-48.0759297351378,44.7499984971825
10685,Pivot,2021-02-26,276.483160552189,27.4726,-38.3532228705401,50.8217731622556
10685,Pivot,2021-03-03,261.614781873997,25.4098,-38.7018919560347,45.3150234111266
10685,Pivot,2021-03-06,276.329448152092,27.2946,-41.3623219737768,49.064465680864
10685,Pivot,2021-03-10,265.368595122133,25.733,-43.0243135303164,46.6883970738377
10685,Pivot,2021-03-16,270.435894770122,27.523,-37.0233853996827,49.3692193388273
10685,Pivot,2021-03-21,269.058114379089,26.8384,-37.4156911792047,49.5645416156265
10685,Pivot,2021-03-25,272.178372080114,27.4282,-37.8090397390531,51.2189705669287
10685,Pivot,2021-04-09,268.933150348017,29.3304,-28.807138363833,57.0953415798536
10685,Pivot,2021-04-27,275.537183383066,29.3828,-29.0039970383142,58.7419460582392
10685,Pivot,2021-05-16,283.463980280189,31.84275,-27.5762007553947,64.1441529388683
10685,Pivot,2021-05-19,274.354809650554,29.85175,-29.1555356439151,59.2921360935486
10685,Pivot,2021-05-21,273.271158802717,30.8292,-27.6493757642116,64.4842757165295
10685,Pivot,2021-06-20,273.17219354744,31.7145,-25.1940960565952,66.8827767533606
10685,Pivot,2021-06-30,270.61273653009,30.68625,-27.0757304173499,66.0626529141285
10685,Pivot,2021-07-20,274.838384062652,32.24925,-23.9530600246472,67.6564705420044
10685,Pivot,2021-08-08,276.091138792531,32.974,-22.6179472809468,71.1764057147619
11915,Alero,2021-02-25,280.918232401995,31.0602,-34.6834203545695,60.8554143216166
11915,Alero,2021-03-02,278.788082147989,31.9096,-32.7568479064455,64.11764087252
11915,Alero,2021-03-05,277.482817139192,32.1134,-33.9296888893253,62.882523041455
11915,Alero,2021-03-10,278.014510740095,31.352,-33.9202398554019,61.568857543081
11915,Alero,2021-03-28,283.400124308095,32.8066,-33.0614957272868,65.6590272641608
11915,Alero,2021-04-26,280.069868665969,35.207,-26.8250817487102,75.7970630713756
11915,Alero,2021-05-01,269.677666282397,33.3155,-27.9380482309698,70.571767750484
11915,Alero,2021-05-08,271.781828655044,35.2958,-23.7013283112983,74.1301310138801
11915,Alero,2021-05-10,284.361129318907,38.854,-25.0891167359693,81.6925870136766
11915,Alero,2021-05-16,286.023547933909,36.85975,-28.0103766256253,76.6607656598969
11915,Alero,2021-05-25,287.917972832097,37.9304,-25.3399696863054,84.3796865109801
11915,Alero,2021-08-10,272.032419652188,32.37,-26.5672165551577,67.4270108313238
11915,Alero,2021-09-06,282.575737691945,34.2836,-28.0774741095463,73.8592034071229
13160,Alero,2021-07-27,270.482272079762,32.4792,-40.6246774891123,62.2202792062994
15159,Pivot,2021-06-17,254.841235699891,38.183,-22.0929898286313,86.980265462476
15159,Pivot,2021-08-20,260.176189282419,36.264,-26.5788439560638,80.8719983609776
16500,Alero,2021-02-21,266.815693588159,36.3506,-38.7523211775741,71.1484732608368
16500,Alero,2021-02-23,261.614606948017,34.3618,-39.4295798364013,64.8538907048176
16500,Alero,2021-02-26,252.452813611927,36.5238,-29.1447268540704,72.4214569459919
16500,Alero,2021-03-01,258.651189756017,34.953,-34.8491181585016,68.0055491428418
16500,Alero,2021-03-05,250.947962530062,34.0046,-34.1260902639252,63.547593992962
16500,Alero,2021-03-11,262.214717500057,35.47325,-33.8742495173189,72.3768678224602
16500,Alero,2021-03-15,254.56518281795,33.4036,-33.8583170369193,66.3502690223615
16500,Alero,2021-03-23,256.623816080085,33.5984,-35.1617385130302,66.0042870334487
16500,Alero,2021-04-09,258.736981538074,35.033,-33.6005351880617,71.385468816693
16500,Alero,2021-04-30,255.540896627628,35.121,-32.9623190003036,72.7026032815888
16500,Alero,2021-05-02,265.294528985293,37.2558,-32.4598928976724,77.6671160759982
16500,Alero,2021-05-16,282.450458722438,43.739,-30.4495538647344,82.3443930821304
16500,Alero,2021-05-21,262.425417586395,37.16125,-30.9418055347255,72.2534654627148
16500,Alero,2021-07-21,263.361284500056,38.2386,-30.3157927394898,78.8460940845766
17376,Base,2021-01-26,233.411870915016,44.4316,-26.7322055188664,79.6546391903301
17376,Base,2021-02-26,246.838963313102,49.5322,-30.1119252283282,99.6608640266317
17376,Base,2021-03-09,256.412505448687,51.3378,-29.0052077995218,98.5997294007722
17376,Base,2021-03-12,253.888580048176,48.861,-30.2768620208081,99.8884802688713
17376,Base,2021-05-19,228.937016779817,50.8926,-18.7815272530194,101.821881431117
17376,Base,2021-05-26,239.8441376425,58.954,-16.108853088593,121.548362244197
17376,Base,2021-06-16,235.178129032123,55.3274,-16.0462968918895,105.107823800008
17376,Base,2021-07-21,236.797867840001,53.9148,-18.2860383850426,100.379394580157
17376,Base,2021-09-30,247.180250598002,53.6636,-20.3766401165204,106.604734392792
17548,Alero,2021-02-26,317.15952382337,36.9248333333333,-35.4873781053008,77.7556506496732
17548,Alero,2021-02-27,302.984809453111,37.4365,-26.822820898138,70.2573828591645
17548,Alero,2021-02-28,310.883932162102,38.5844,-29.0975527788181,80.0890263745117
30437,Alero,2021-04-09,249.114056259148,36.1908,-31.8794040466634,78.0937652204298
30437,Alero,2021-04-22,248.689263832116,36.4544,-30.8338472301937,79.4929911386844
30437,Alero,2021-04-25,237.922803408075,35.2164,-30.7245504523832,84.0094399658429
30437,Alero,2021-05-27,244.969920472391,42.8052,-23.9949642250287,94.5707685499258
30437,Alero,2021-05-30,242.043852495726,30.9878333333333,-13.1049123565143,94.3883076978703
30437,Alero,2021-06-03,242.68289890007,41.6786,-25.2628502097391,91.1106008214997
30437,Alero,2021-06-09,249.556747683489,40.7718,-28.7439346298449,91.2095710503374
30437,Alero,2021-07-09,250.685853184082,42.917,-25.9652575682243,93.435025035602
30437,Alero,2021-07-14,258.939236559085,45.5136,-28.5191151591512,99.494102826687
30437,Alero,2021-08-05,250.388242020175,45.2232,-28.9794161318035,105.554792229451
30437,Alero,2021-08-13,255.176036874172,43.4896,-29.392590789386,102.332271350163
30437,Alero,2021-08-16,261.055539869949,45.0564,-30.8855676488109,102.778062467629
30437,Alero,2021-08-24,253.625047860087,42.26,-30.5102087803776,93.6887369361332
65965,Pivot,2021-04-04,297.14279963989,39.367,-38.9042040483134,87.6973436716701
65965,Pivot,2021-04-28,299.543483225695,38.1385,-36.6249132412933,81.2950156769202
65965,Pivot,2021-05-14,299.087154112204,41.0352,-30.3891319397802,90.6412570755811
65965,Pivot,2021-05-27,305.365996360698,45.6308571428571,-24.3920460866541,113.349980308395
65965,Pivot,2021-05-30,305.437016345993,45.5484,-22.8049339486738,112.315450272854
65965,Pivot,2021-06-17,299.810776920206,44.0888,-23.6564154000057,111.494534129398
65965,Pivot,2021-07-07,317.020236900217,45.6486,-24.541788937901998,108.842616082777
65965,Pivot,2021-07-10,311.692435670195,43.9655,-25.5964776570554,103.545376952576
65965,Pivot,2021-07-15,306.775602908211,42.7294,-26.1013510339756,99.874653082093
65965,Pivot,2021-09-07,318.36907252222,45.1008,-24.7438522856636,113.080042963295
65965,Pivot,2021-09-18,318.995642200106,45.2066,-23.6325157590633,107.786251802038
66065,Base,2021-05-10,295.330958545994,46.6252,-22.7020873066941,95.7343544476129
66065,Base,2021-07-17,266.012451153656,40.7313333333333,-19.7856622708328,82.6033706532541
66065,Base,2021-07-21,286.267419912593,44.29925,-22.2581601773031,95.8966908901724
66065,Base,2021-09-11,284.898285219643,44.9933636363636,-21.7017630819143,96.1086994898708
66065,Base,2021-09-30,293.462182100001,43.865,-24.6185215319353,94.1597569174887
66112,Pivot,2021-02-25,285.762881724838,30.49775,-31.8558666663329,55.7934455244816
66112,Pivot,2021-02-26,283.477632302046,30.4506,-33.0629508325178,52.754106485071
66112,Pivot,2021-03-01,291.7278564081,31.4762,-32.5171008232676,56.4786364761218
66112,Pivot,2021-05-29,276.543655171251,30.10525,-27.9812465908414,52.2837912374047
66158,Base,2021-02-26,289.793255536174,36.304,-34.2959832363132,65.9899885345516
66158,Base,2021-03-23,285.789122164639,37.0664,-32.8772534402161,70.9371639449323
66158,Base,2021-04-02,278.254290864145,39.4642,-27.0009573828073,70.1399217590196
66158,Base,2021-04-06,277.356021999838,34.3142,-34.1886339883428,63.600696797126
66158,Base,2021-09-02,287.584989264197,37.633,-32.8572001846498,66.1612505940793
66158,Base,2021-09-07,270.531390079968,39.0786666666667,-25.3450268510316,73.9158338276149
66158,Base,2021-09-18,281.17271343984,39.60375,-28.9874182514075,79.2610795379009
66369,Alero,2021-02-24,315.142188607939,27.557,-33.1605929312348,48.8096526580933
66369,Alero,2021-02-26,321.099631699981,29.396,-32.7354781394973,52.635081428285
66369,Alero,2021-03-12,315.567983628218,29.4294,-30.4973553247975,51.8734226353802
66369,Alero,2021-03-25,315.250508718218,26.8394,-31.8326557588576,46.5684459913777
66369,Alero,2021-05-19,324.531937392225,28.7346,-39.1401574116848,50.7971898381606
66369,Alero,2021-05-29,308.7724588081,27.9332,-38.9045617683886,52.059249011155
66711,Alero,2021-05-19,370.464622735997,36.6942,-42.9800785973609,74.2052102521125
66711,Alero,2021-07-26,359.449697635246,35.3886,-45.3385737434853,71.6729261065001
66711,Alero,2021-08-02,367.35902264025,36.113,-41.8976908808855,72.1564913757054
66711,Alero,2021-08-09,373.881435248089,36.8836,-41.5513845511478,77.3367176985766
66711,Alero,2021-08-16,368.057789200186,37.3402,-40.4893623911822,77.7004285534738
66711,Alero,2021-08-23,379.28125598319,38.7808,-40.9826947469074,80.1504225165108
66711,Alero,2021-08-30,387.965417200127,38.3268,-43.1578636923549,77.5099358356279
66711,Alero,2021-09-06,382.816597360261,39.6426,-42.1895789711502,79.5742348109604
66711,Alero,2021-09-13,390.585075253268,39.7276,-42.0654521189962,83.8823759514662
66711,Alero,2021-09-20,378.330734283257,38.1552,-41.8338729892641,77.5726598240642
66711,Alero,2021-09-27,387.131164574263,39.2178,-43.8425178736915,82.0991959167318
66711,Alero,2021-10-04,388.280853516126,39.4534,-42.3725624878418,82.7831999279162
66867,Alero,2021-04-04,240.508790112166,34.7564,-33.2339860073614,64.9255814384954
66867,Alero,2021-04-26,245.67586890408,35.531,-33.6564764932299,66.2032787008952
66867,Alero,2021-05-07,245.892372215952,34.0522,-37.8144418950724,62.5198737089222
66867,Alero,2021-05-22,242.709006242166,36.0314,-33.7353307915399,67.1570018800655
66867,Alero,2021-05-27,250.656442222174,38.039,-31.7822894434215,70.5332648328147
66867,Alero,2021-05-29,243.291896766081,35.7644,-34.0134268071605,68.982072610545
66867,Alero,2021-06-09,241.617956926125,38.059,-29.7761021309833,74.7278765214557
66867,Alero,2021-06-18,249.029960404167,37.271,-34.6588389904554,69.7093723625663
66867,Alero,2021-09-07,253.565080134172,37.8128,-30.1919192981566,71.1482122964818
67254,Alero,2021-04-03,299.571233829836,40.2118,-24.6312933088483,80.5662436204161
67254,Alero,2021-04-05,330.539326461085,42.2632,-30.8342177914218,85.3877853875594
67254,Alero,2021-06-22,333.535793081698,38.6168,-30.2341641745841,78.9327452956369
67254,Alero,2021-07-26,339.566942979139,39.494,-30.6280761392854,77.3676837302251
67254,Alero,2021-08-03,339.020851245933,38.8336,-31.0656758012508,77.275332347258
67254,Alero,2021-08-18,326.372752649937,35.4914,-32.0881357349951,69.7197241567212
67254,Alero,2021-08-24,348.322184308998,38.3818,-35.7371506287329,76.6693224849957
67254,Alero,2021-09-04,328.408172816877,36.8042,-32.1776955979736,73.895090205434
67254,Alero,2021-09-11,346.477442440997,38.4648,-33.9320216517149,75.8830966220852
67254,Alero,2021-09-18,350.834447460053,37.9466,-36.6415925011411,74.8765488220823
67824,Alero,2021-01-04,255.413137195927,38.986,-29.9530084275998,84.6898862886625
67824,Alero,2021-03-22,246.075549336081,36.6842,-29.5916079417869,83.5591053530731
67824,Alero,2021-05-12,253.456565341977,38.251,-32.7066755811414,87.3254553660575
67824,Alero,2021-05-24,251.364893118127,36.9674,-30.3068026925329,80.96868559058
67824,Alero,2021-06-14,246.983910212208,37.207,-31.1326778776986,83.4618062421792
67824,Alero,2021-07-18,244.983203501827,39.4635,-25.758783031104,90.1574821823095
68898,Alero,2021-02-26,275.832234264191,33.123,-34.2547003940574,60.1547635763938
68898,Alero,2021-03-23,261.684255275179,30.8016,-37.9530298086785,57.7682137419143
68898,Alero,2021-04-18,274.560030582186,31.4888,-35.3416648776864,57.8079745179357
68898,Alero,2021-05-21,268.415182070171,30.2556666666667,-37.7646823304655,65.0390608742341
69265,Alero,2021-02-23,249.397441184108,35.0922,-29.3845148104971,62.2449600454722
69265,Alero,2021-03-01,257.22351807004,35.2532,-32.5046885151111,63.2642829496514
69265,Alero,2021-03-19,261.853753292083,35.496,-31.6340194952706,64.2871069135236
69265,Alero,2021-03-23,275.910058850211,37.4285,-31.4907998092909,67.1366981181318
69265,Alero,2021-04-26,255.445923320107,34.0694,-31.2591760663121,68.2011860048028
69265,Alero,2021-05-10,250.74319283208,33.3138,-30.7215785127664,65.0297719394582
69265,Alero,2021-05-17,281.139399832117,36.9638,-35.6164298322999,73.9041249134773
69265,Alero,2021-06-14,277.08620020005,36.0653333333333,-32.8696426354815,70.9044055420149
69265,Alero,2021-08-17,265.642488128378,34.6956,-32.0227584457057,75.5182035237445
69265,Alero,2021-08-31,269.170076476829,34.8368,-33.1860180330842,67.6442208409617
69273,Pivot,2021-02-20,304.258703650048,33.6112,-38.4534570349368,62.9609107082676
69273,Pivot,2021-02-22,294.582606312202,33.061,-31.6068318134221,58.8622271110053
69273,Pivot,2021-02-25,294.556431600001,34.1475,-29.2998353244982,63.4658037993558
69273,Pivot,2021-03-01,293.464182043068,34.2842,-28.157778347517,65.1583527623421
69273,Pivot,2021-03-11,297.181427979124,35.2022,-29.5639910908696,67.8726230679823
69273,Pivot,2021-03-14,287.923395810145,34.1034,-27.7962375810464,62.2931610439399
69273,Pivot,2021-03-28,306.08240698419,34.4088,-33.528791770893,65.6924894483287
69273,Pivot,2021-04-23,315.138838988134,38.4328,-30.6287905819334,76.0472530429806
69273,Pivot,2021-04-30,304.603851816268,35.27225,-31.9002484208759,68.0397327955437
69273,Pivot,2021-05-05,302.480906165074,38.37225,-25.9149533862222,72.3981355331216
69273,Pivot,2021-05-10,325.168233112082,41.2808,-28.5473495440238,81.3330375023169
69273,Pivot,2021-05-16,318.881076868932,37.9915,-30.0679926410122,77.2638613482553
69273,Pivot,2021-05-19,304.396044621085,40.0085,-26.2169453487015,77.5621110024433
69273,Pivot,2021-05-21,305.689221403819,37.14925,-29.2835835441847,76.3868190554376
69273,Pivot,2021-05-28,313.959444520078,42.47775,-24.8310918753155,89.005524748516
69273,Pivot,2021-06-21,305.902317088076,40.4024,-25.4039896406712,78.0147371071475
69273,Pivot,2021-07-22,323.146058705081,44.2728,-24.7187090173427,89.9037302371921
69273,Pivot,2021-09-04,325.003107486105,37.519,-36.0517522402794,72.1781999262491
69315,Pivot,2021-04-03,311.781550943722,45.167,-33.9183800523705,97.0539281438505
69315,Pivot,2021-04-09,312.641128602994,45.2872,-31.6892338875695,97.2251329457045
69315,Pivot,2021-04-28,303.477840330938,46.129,-30.6144186284205,103.107451648395
69315,Pivot,2021-05-05,309.054586680102,44.921,-33.2971535878503,96.8843151767595
69315,Pivot,2021-05-21,312.801363448102,45.6564,-30.9126020901321,100.154743792553
69315,Pivot,2021-06-09,311.526854670215,42.9522,-32.8210165511917,91.7212563379879
69315,Pivot,2021-07-23,312.291814885584,46.1114,-29.0735340099785,104.786487049073
69315,Pivot,2021-08-27,313.759127898214,43.9154,-31.4864221124214,97.9934560410209
69315,Pivot,2021-09-04,302.768689252039,40.9082,-33.3635766725493,85.8048434390302
69419,Base,2021-02-19,269.339815199996,29.848,-32.0213902380333,65.2398582626935
69419,Base,2021-03-02,262.252887480163,29.2842,-30.7559625410272,58.9278731768446
69419,Base,2021-03-09,267.778256668837,29.81975,-31.9182978995934,63.0979694041558
69419,Base,2021-03-17,266.829475085089,29.7419,-33.0370868774048,60.6208417957648
69419,Base,2021-03-22,263.31821109397,27.7634,-34.4886270789247,56.7458751839282
69419,Base,2021-03-29,265.778168352136,30.1658,-31.6660668809334,61.7707896605022
69419,Base,2021-03-31,259.954128080156,28.935,-30.9442493120886,58.6278984204986
69419,Base,2021-04-05,267.096086016654,30.1805,-32.1856985687295,62.9128862206963
69419,Base,2021-04-08,264.137832299989,29.494,-34.3782741630498,62.7432265803514
69419,Base,2021-04-09,269.108596532185,30.516,-32.3476274266765,63.821187003339
69419,Base,2021-04-12,265.978370905088,28.3796,-34.8237352306086,59.960486456017
69419,Base,2021-04-14,259.285365240177,27.5236,-37.411176784109,60.5072602677783
69419,Base,2021-04-28,266.70641440009,28.8792,-34.7647215678228,60.2385263244721
69419,Base,2021-06-04,271.877721086999,30.6852,-28.9044604225642,63.9382755800459
69419,Base,2021-09-18,281.077063730143,30.8406,-33.3387405404106,63.6049053482576
69756,Base,2021-04-09,310.130758593047,42.1414,-33.1464085208892,84.8066953470178
69756,Base,2021-04-19,302.171189884128,40.7278,-33.9284388566073,81.4431937019845
69756,Base,2021-04-22,295.690395072097,42.099,-30.6432735806184,83.8531202876589
69756,Base,2021-04-25,298.563140076097,42.1886,-32.793831717991,90.8969107373404
69756,Base,2021-05-05,296.697947748099,42.2122,-32.0039924598184,86.5449362028816
69756,Base,2021-05-08,296.186663607098,42.6168,-31.1035417119968,84.0533777440658
69756,Base,2021-05-22,296.744630960204,42.8878,-31.8736299074914,87.6541893452986
69756,Base,2021-05-28,293.628779279202,41.5222,-32.7213489556704,82.271227506682
69756,Base,2021-06-09,296.832946753048,40.5164,-33.1472874649101,81.4161636440408
69756,Base,2021-06-16,301.612986058206,44.701,-30.1287033170517,91.4292316046334
69756,Base,2021-06-22,303.009321414183,43.0014,-29.3687814192669,89.4394738965559
69756,Base,2021-07-06,301.655599728208,42.75,-31.0007744131312,86.7508742793888
69756,Base,2021-07-09,294.888401680205,43.7302,-29.1506197261459,93.7362405367916
69756,Base,2021-07-14,297.921899424204,42.426,-29.5729214899877,88.2789479368346
69756,Base,2021-08-20,291.8127614802,45.2578,-28.1590612862199,94.5655736600662
69792,Base,2021-02-25,250.908195409039,33.7684,-31.967512615188,63.2348712581775
69792,Base,2021-02-26,255.473318975177,35.4186,-30.8301544302582,69.2166182627013
69792,Base,2021-04-24,244.404473161863,33.7968,-31.229689258113,64.9631397306429
69792,Base,2021-05-12,251.281499723344,35.2653333333333,-28.7769207581737,69.7140208380339
69792,Base,2021-05-19,244.924138495199,31.8412,-31.9688713220699,63.929267816745
69792,Base,2021-06-15,254.072267857585,35.58975,-28.7255771672866,69.8326152829725
69792,Base,2021-06-29,248.911605480082,34.7552,-28.589025354797,66.9817474145058
69792,Base,2021-08-07,250.242496096788,35.3466666666667,-27.152250235571,69.8836842036212
69792,Base,2021-08-23,259.37978554,35.8694,-31.5562886751431,70.985610275761
69792,Base,2021-09-06,258.121258420087,36.3388,-30.2552698150382,69.8523326347194
69792,Base,2021-09-29,249.590480996436,35.5386363636364,-27.1345619448905,67.7846756942529
69877,Pivot,2021-06-14,299.247067904057,36.199,-27.5995480907809,69.7815948651323
69877,Pivot,2021-06-21,299.926679707046,35.027,-30.2839745725749,66.3192601775119
69877,Pivot,2021-09-07,316.882839030993,38.185,-28.9453217760977,72.5790019473237
69877,Pivot,2021-09-18,306.360073531859,40.3006666666667,-24.1138035344605,81.6983321389056
69877,Pivot,2021-09-22,301.43723360724,38.9592,-24.5072003178858,78.2236432957062
69900,Alero,2021-02-20,256.12669888004,31.5338,-37.3139311005446,55.2622208227514
69900,Alero,2021-02-23,251.896104348196,31.714,-32.8761452700835,60.5382562269924
69900,Alero,2021-02-26,256.487352664062,32.9712,-34.1334681168539,61.3673475916649
69900,Alero,2021-02-28,258.012427690086,33.7708,-31.2630551850159,64.5186580367835
69900,Alero,2021-03-03,249.377823620173,32.9302,-29.7178968593773,59.6590206208351
69900,Alero,2021-03-06,258.247340783132,34.2692,-31.6144148503797,64.1147611932337
69900,Alero,2021-03-11,255.895004810085,34.496,-30.3025996654904,64.730033211216
69900,Alero,2021-03-17,256.563659882178,35.147,-28.5923145941274,66.0489631982268
69900,Alero,2021-03-23,260.357027708027,34.4864,-33.0117649197511,64.5479159042244
69900,Alero,2021-04-17,253.495939598083,34.428,-32.4422732814828,64.6325744092132
69938,Base,2021-04-09,327.400921875105,39.657,-39.0428694749837,87.5163977773726
69938,Base,2021-04-20,329.28177540011,38.3188,-37.6969309021621,78.3493251438865
69938,Base,2021-04-23,326.761788613139,40.015,-34.2418503337937,83.1603736879225
69938,Base,2021-04-26,321.712476919992,37.6124,-35.4593293507342,76.595161562186
69938,Base,2021-05-27,325.412570868296,46.5144,-25.5547770348343,100.026485585455
69938,Base,2021-05-30,329.913433357244,43.1532,-32.4510049632975,88.8093890234779
69938,Base,2021-06-03,329.214585435319,43.181,-29.2381845541243,90.7802319078758
69938,Base,2021-06-16,341.318047362322,42.4946,-33.4159263128282,86.9689431270655
69938,Base,2021-06-22,324.428494873596,45.6626,-24.2156515186216,97.5997664943169
69938,Base,2021-07-07,328.413149354204,42.8928,-28.7472845212123,86.2805288556466
69938,Base,2021-07-10,330.155516363117,43.3412,-27.94821969208,90.4779836304533
69938,Base,2021-07-14,329.843985601079,40.7576,-29.991467313052,85.9591713120394
69938,Base,2021-07-31,330.78960014111,39.4502,-28.9683034878147,79.2410676054642
69938,Base,2021-08-18,341.360848967933,43.9838,-28.1429815507001,93.2148775214602
69938,Base,2021-09-08,338.403240246171,41.1082,-30.4027270461745,90.0955335736524
70475,Alero,2021-08-28,289.397362200638,22.4468,-36.9214832762869,36.5714803915744
70475,Alero,2021-09-08,283.24552096375203,21.615,-36.6477616852523,35.8618920312612
70657,Alero,2021-04-09,280.44722928992,37.778,-33.065945387462,74.1712196497858
70657,Alero,2021-04-19,267.685654701173,37.2206,-29.3947338807854,72.985412680225
70657,Alero,2021-04-22,267.515331147089,33.8002,-32.9566929837168,67.0858545784847
70657,Alero,2021-09-02,280.122982330094,37.1826,-32.0244323786453,73.620341517203
70826,Alero,2021-04-04,268.752566101183,29.5676,-28.9017702212604,57.4608776150425
71125,Base,2021-04-03,247.245198435149,34.9788,-25.3835030693446,71.5484489851078
71125,Base,2021-04-09,248.210745600039,34.6126,-26.0504778485442,67.9491286252932
71125,Base,2021-04-19,240.09486730408,31.8186,-27.6552146641273,62.4929826025726
71125,Base,2021-04-22,235.266815636077,31.1594,-27.6255164170021,60.5389416304732
71125,Base,2021-05-11,221.686531023073,32.2662,-25.4559584748206,63.3560657079457
71125,Base,2021-05-24,232.842387314949,33.42375,-24.3421156308332,67.415922091527
71125,Base,2021-05-31,226.093331673999,30.0566,-27.6633118845411,56.7637470976494
71125,Base,2021-06-10,235.735962875078,33.1524,-26.3553367683607,64.0498918235722
71125,Base,2021-06-15,237.451493740097,33.8248,-25.5089819366343,67.5434801754025
71125,Base,2021-06-24,238.51055390755,34.3708,-25.2558565833497,72.4897473990428
71125,Base,2021-06-27,231.609897223852,32.745,-25.2195907573373,63.5430650201647
71125,Base,2021-07-02,236.843589274234,33.3486,-26.5153225737662,65.3989146241856
71125,Base,2021-07-08,233.483533895254,32.8414,-27.534128613189498,59.6126034419658
71125,Base,2021-07-10,232.17776128532,31.5104,-29.6354854590378,60.3895903840366
71125,Base,2021-07-13,243.833987339393,32.2436,-29.3334067516569,62.2294599844022
71125,Base,2021-07-31,240.966096554066,32.2046,-29.298436514052,62.174535117009
71125,Base,2021-08-19,242.689925274081,33.5158,-27.0075049023966,65.9329107511113
71125,Base,2021-09-03,246.361460074081,32.475,-27.7984143305669,61.1250521368262
71125,Base,2021-09-11,242.583679965296,33.143,-27.231109100171,65.7564182834848
71261,Alero,2021-02-20,239.232815224163,35.064,-28.9849618261132,67.7702727915596
71261,Alero,2021-02-23,243.353341705954,37.5404,-27.4803179546024,72.9243013726757
71261,Alero,2021-02-26,233.345619284079,34.1764,-28.3617896230115,65.4883076807038
71261,Alero,2021-03-02,249.521897988074,37.6836,-28.5329691451412,73.9381500751946
71261,Alero,2021-03-05,243.188011279994,35.2098,-30.801729403624,67.3384690286147
71261,Alero,2021-03-10,253.949401515128,38.218,-30.4380207114631,73.0180799268213
71261,Alero,2021-03-21,249.45996637495,37.2264,-28.3905323585143,70.9301672706808
71261,Alero,2021-03-24,249.111547519995,38.6398,-27.6003692016603,77.330869284519
71261,Alero,2021-03-29,250.705877950107,40.2426,-26.4151739877088,77.815188642157
71261,Alero,2021-04-09,250.306847232949,36.0586,-30.1871777139663,69.3113326866369
71261,Alero,2021-04-14,248.066085014043,36.4564,-31.1374229451295,67.0064432296546
71261,Alero,2021-04-26,244.32131221682,37.6813333333333,-26.1500251171544,74.3615826657533
71261,Alero,2021-07-15,236.866530460038,35.8888,-24.6493614966269,67.3912434239142
71261,Alero,2021-07-19,244.00468070616,37.4916,-23.5965536729738,71.0481135705499
71261,Alero,2021-07-26,242.259996176124,38.2522,-23.8208259739897,71.7207457560918
71347,Alero,2021-05-18,252.85930984566,28.6264,-32.9461447570193,61.6992389492404
71347,Alero,2021-06-24,260.220822115086,30.9448,-31.518244805192,67.075942335019
71347,Alero,2021-07-13,261.744478145087,32.5032,-29.7503273196107,71.0711818608461
71347,Alero,2021-08-26,260.591932068577,32.0682,-27.9356011340744,73.2019460730969
71347,Alero,2021-08-28,255.404250403929,30.4874,-29.7351816300677,66.9588449701303
71347,Alero,2021-08-29,251.009541805158,29.5176,-29.6790094877285,63.7996660023303
71347,Alero,2021-09-01,253.761799808997,29.735,-30.3346065373161,62.5771047765726
71347,Alero,2021-09-03,253.657961005054,31.354875,-27.4262214558173,68.5561936848163
71347,Alero,2021-09-07,250.389546473719,30.085,-27.6756110697055,62.795976133793
71347,Alero,2021-09-11,257.759616413948,30.743,-30.3555372541805,65.5868077577002
71347,Alero,2021-11-20,258.349004868453,31.4692,-29.5006716907263,67.3596224577449
71407,Alero,2021-04-04,287.886224103175,29.52875,-33.8999955908796,55.454574649915
71407,Alero,2021-04-26,287.680998533395,28.874,-34.3358606102692,54.3611390657867
71407,Alero,2021-05-29,286.186828046957,30.4106,-33.5123865913749,59.9372562885168
71407,Alero,2021-06-16,284.625345858147,30.0796,-32.9064913741506,55.6643093988978
71503,Pivot,2021-04-04,266.172477720091,28.3622,-37.1461307469688,52.8174424419269
71503,Pivot,2021-05-27,268.231171296043,30.6812,-31.2100303242735,57.6200832439759
71503,Pivot,2021-06-18,275.89050398819,31.857,-33.2366299937799,64.3386697688267
71503,Pivot,2021-06-19,273.807062855095,32.605,-30.3197057954541,67.9748890657423
71503,Pivot,2021-07-10,272.196121320092,31.497,-27.8987497161996,61.7798811029602
71503,Pivot,2021-07-11,252.097053512069,28.881,-30.4095533025573,54.7928716876249
71503,Pivot,2021-07-14,260.436929888087,28.3522,-37.4337588509932,58.0344924323023
71503,Pivot,2021-07-15,246.895141445035,26.3696,-37.7587258410795,53.7055374384672
71503,Pivot,2021-07-17,262.319541492159,30.8584,-32.3574953571275,65.5741505994491
71503,Pivot,2021-07-28,269.333136256996,31.7044,-33.2588015142585,64.3994034270818
71503,Pivot,2021-09-09,251.768314752083,28.6304,-30.8184421559778,53.086025742705
71503,Pivot,2021-11-13,258.409719112855,30.3036,-34.5687810094933,57.569909408769
71597,Alero,2021-02-26,268.623211661458,43.033619047619,-34.3889542483569,87.1313364606327
71597,Alero,2021-04-27,258.723937515539,49.7398,-23.2742741756223,94.4518631680008
71597,Alero,2021-05-08,253.841870850083,46.4542,-25.2164595729751,91.9598092623834
71597,Alero,2021-05-10,254.42162887598,47.4719,-24.3843523460328,95.7137471765184
71597,Alero,2021-07-17,242.373535574091,43.9176,-22.0401814503378,85.9437719925075
71597,Alero,2021-07-20,259.81922746768703,52.6884705882353,-18.7130796888022,111.052687804876
71624,Base,2021-04-08,281.994022928194,42.001,-25.9152485586674,77.9453899389949
71624,Base,2021-04-22,293.89537512484,48.24175,-23.1422397996839,91.4097453693196
71624,Base,2021-04-25,299.860908446099,46.5762,-26.6843246674501,85.7377985251376
71624,Base,2021-05-08,294.612359440202,45.132,-24.247332195469,81.8704054854279
71624,Base,2021-05-22,302.818240760074,47.865,-24.1240774801464,84.296447708376
71624,Base,2021-06-18,313.000220813936,48.3696,-25.9991118874367,84.5003659650112
71624,Base,2021-06-22,289.090011170097,45.8614,-22.3234145685065,84.3477448058643
71624,Base,2021-07-07,304.791352888074,44.9836,-26.6410359994465,83.2314527026963
71914,Pivot,2021-02-23,246.388499016667,34.0276666666667,-35.8791651706952,67.9260420017156
71914,Pivot,2021-02-26,250.926397384104,36.3348,-38.6947509864154,72.0524253233515
71914,Pivot,2021-03-01,247.782833704171,33.273,-39.7239898217479,59.3094449206281
71914,Pivot,2021-03-03,244.265462774147,32.2078,-39.6820774558953,59.6507508340471
71914,Pivot,2021-03-15,235.052506680122,31.5308,-37.2934973823988,58.1228249064429
71914,Pivot,2021-03-22,243.685791944082,33.4242,-33.9164587553352,63.0724666966629
71914,Pivot,2021-05-16,243.718314687167,38.9324,-27.2766198505232,79.9492844329319
71914,Pivot,2021-05-19,238.827877770848,35.717,-32.0909878503439,70.2977064675038
71914,Pivot,2021-06-01,241.086509440132,37.61475,-28.8933915952294,76.7378544970962
71914,Pivot,2021-06-06,241.886500374493,37.39025,-31.6706009425129,71.3315650613744
71914,Pivot,2021-09-18,235.71239786208,35.8256,-32.8938398812748,71.7146318082927
71920,Alero,2021-02-23,265.543427907017,27.8512,-40.4848935412683,44.5782136229218
71920,Alero,2021-03-01,264.311242705072,28.2018,-38.6440437852373,45.1159330387645
71920,Alero,2021-04-04,276.617051222142,33.2518,-38.6918154379639,55.3614851376382
71920,Alero,2021-05-04,280.57873870517,32.319,-35.2710534828274,55.9523467229071
71920,Alero,2021-06-16,296.042532039995,32.195,-34.3592652765189,53.300076990735
71920,Alero,2021-07-07,289.308379644069,34.5678,-36.3186833430947,62.7047666088219
71920,Alero,2021-07-11,283.540921109042,31.9588,-36.6949101253393,54.1233837363697
72176,Pivot,2021-02-25,261.132657365126,29.3492,-38.4091243489665,57.1139378739414
72176,Pivot,2021-03-06,268.972841317279,30.5502,-35.003784003746,58.6678915569012
72176,Pivot,2021-03-07,266.887161216091,31.8822,-28.8004855023044,65.1221287976461
72176,Pivot,2021-03-14,270.95324646509,30.6658,-36.4975392471651,59.9540075096726
72176,Pivot,2021-03-24,275.218233397091,30.91,-40.2355997986068,60.7971275264512
72176,Pivot,2021-04-22,279.741636028091,33.0876,-35.485459701165,65.9764239478009
72176,Pivot,2021-04-24,279.473748721739,34.0908333333333,-32.9181002497806,70.1628474445225
72176,Pivot,2021-04-27,280.183415026178,35.6128,-31.6917612595879,72.651952013396
72176,Pivot,2021-05-01,270.955216666879,34.3052,-32.5180474634849,69.1299210647782
72176,Pivot,2021-05-02,261.539245774387,32.559,-30.3802678067478,68.9461247380038
72176,Pivot,2021-05-08,267.541344624184,32.3268,-30.3578984195926,70.1952261569386
72176,Pivot,2021-05-10,281.382891487193,37.2248,-27.0149768560597,82.6151736376359
72176,Pivot,2021-05-22,268.682439886918,35.5745,-25.9022354910178,77.975621320775
72176,Pivot,2021-06-01,282.164132369969,38.2814,-25.5378426802828,87.5198839069435
72176,Pivot,2021-06-06,279.797923337369,35.54575,-27.7578318448036,75.3352741156008
72176,Pivot,2021-06-15,286.707596352094,36.665,-26.5411010669245,75.5856103329504
72176,Pivot,2021-06-19,281.833523924947,36.2936,-26.3031899433947,71.8865250557769
72176,Pivot,2021-07-23,275.955341760065,38.4786,-22.5333288056155,81.7925966415024
72176,Pivot,2021-09-10,276.077357327717,38.83325,-20.2998348271988,83.7649642838349
72176,Pivot,2021-09-24,275.651833625001,38.1025,-23.1727577458946,84.5606361360248
72260,Pivot,2021-03-03,248.933963407865,28.884,-31.6449707185408,55.8274056232453
72260,Pivot,2021-03-15,237.691784626953,26.4306,-29.6186512806838,49.891001552431
72260,Pivot,2021-03-19,261.687218820043,31.8232,-31.3979059842047,64.4453004215378
72260,Pivot,2021-04-22,261.886578783768,31.78,-32.1818532774184,65.3095312734395
72260,Pivot,2021-04-23,244.441375627994,29.0314,-31.1706828486085,55.8251379883567
72260,Pivot,2021-04-28,245.071515384748,30.4505,-27.6565670405899,60.6569316863807
72260,Pivot,2021-05-02,241.917366039061,31.8675,-24.5123535532519,63.6089856120208
72260,Pivot,2021-05-10,251.141185780675,35.117,-23.4864484442153,68.1249347288792
72260,Pivot,2021-05-14,256.962003117352,34.2015,-24.4459517994435,67.5748557308081
72260,Pivot,2021-05-16,277.969835213645,35.8964,-29.0345085645634,73.5217518927314
72260,Pivot,2021-05-20,270.363419133288,36.0912,-25.4123673118315,74.2232108153097
72260,Pivot,2021-05-31,270.471326837411,35.7915,-24.5626387691189,74.1301557529944
72260,Pivot,2021-06-04,266.615349663147,34.70425,-24.9072060274163,73.2792892299241
72260,Pivot,2021-06-10,269.467560643162,34.6812,-25.8037738967324,71.5367230724423
72260,Pivot,2021-06-17,277.031011840215,34.64525,-27.1107840550454,69.1856198893359
72260,Pivot,2021-07-08,275.303029474973,36.15025,-27.1737008523673,76.9191294145066
72260,Pivot,2021-07-11,275.899093014967,36.613,-26.9322638633832,77.8130614882424
72260,Pivot,2021-07-20,270.276731647563,36.4744,-26.3686804472009,75.7084937820979
72260,Pivot,2021-07-27,272.724683871141,39.2094,-23.1326465252537,82.0161614532512
72260,Pivot,2021-08-01,272.873009631734,36.95525,-23.9474469644416,79.9179640130864
72260,Pivot,2021-09-10,269.06654439991,36.96025,-23.4919828637915,79.2675138105133
72260,Pivot,2021-09-18,276.895656880062,37.91025,-25.2535674184987,77.3312632348968
72605,Alero,2021-02-22,227.690207900196,26.448,-35.6061578188738,39.235632997591
72605,Alero,2021-03-23,231.326562086084,28.5128,-32.1514676915984,45.0105685748241
72605,Alero,2021-05-09,208.70386049999,25.229,-37.7318499626669,45.5750861652759
72605,Alero,2021-06-14,226.729055467073,29.1258,-31.5139989972002,47.9350153066314
72850,Base,2021-04-03,321.925705329106,36.6662,-38.9918796903088,67.5946962025952
72850,Base,2021-04-08,325.613520848223,36.9086,-37.9130336508049,67.3011822997796
72850,Base,2021-04-16,319.525210553853,37.496,-36.7127796685627,70.0153387099635
72850,Base,2021-04-20,319.174009313105,39.3288,-36.4734595615333,71.4637359721738
72850,Base,2021-04-23,317.262839474999,38.08075,-37.3618750051566,71.7528109639126
